"year","region","rate","rate.lb","rate.ub"
2030,"EU",1.56,1.56,1.56
2040,"EU",1.89,1.89,1.89
2050,"EU",2.02,2.02,2.02
2075,"EU",2.24,2.24,2.24
2100,"EU",2.27,2.27,2.27
2030,"US",1.41,1.41,1.41
2040,"US",1.28,1.28,1.28
2050,"US",1.42,1.42,1.42
2075,"US",1.74,1.74,1.74
2100,"US",2,2,2
2030,"OT",2,2,2
2040,"OT",2.06,2.06,2.06
2050,"OT",2.09,2.09,2.09
2075,"OT",2.22,2.22,2.22
2100,"OT",2.21,2.21,2.21
2030,"EE",4.81,4.81,4.81
2040,"EE",3.87,3.87,3.87
2050,"EE",2.58,2.58,2.58
2075,"EE",2.22,2.22,2.22
2100,"EE",2.07,2.07,2.07
2030,"CA",7.23,7.23,7.23
2040,"CA",4.56,4.56,4.56
2050,"CA",3.16,3.16,3.16
2075,"CA",2.07,2.07,2.07
2100,"CA",1.83,1.83,1.83
2030,"IA",6.26,6.26,6.26
2040,"IA",5.55,5.55,5.55
2050,"IA",4.68,4.68,4.68
2075,"IA",3.6,3.6,3.6
2100,"IA",2.73,2.73,2.73
2030,"AF",3.91,3.91,3.91
2040,"AF",4.58,4.58,4.58
2050,"AF",4.62,4.62,4.62
2075,"AF",4.42,4.42,4.42
2100,"AF",3.58,3.58,3.58
2030,"LA",3.59,3.59,3.59
2040,"LA",3.63,3.63,3.63
2050,"LA",3.47,3.47,3.47
2075,"LA",3.13,3.13,3.13
2100,"LA",2.71,2.71,2.71
2101,"EU",2.26365192865018,2.25843880102375,2.26889748944187
2101,"US",1.99678664555236,1.99187828553447,2.00165005405893
2101,"OT",2.20434853240622,2.19921832023145,2.20946991034134
2101,"EE",2.06597394117031,2.06105561231687,2.07094130965139
2101,"CA",1.82876035619447,1.82389161259579,1.83362019335282
2101,"IA",2.71831129985386,2.71216339300216,2.72446166504602
2101,"AF",3.55844274664329,3.54955555627337,3.56729567672766
2101,"LA",2.69854350110588,2.69244138326932,2.70463398911351
2102,"EU",2.25730268016105,2.24691149595437,2.26777668437096
2102,"US",1.99353445540045,1.98376016767238,2.00325641470292
2102,"OT",2.19868751910314,2.18846066299531,2.20888680896403
2102,"EE",2.06191880996801,2.05212368504401,2.0718265469307
2102,"CA",1.82745816573637,1.81777994169502,1.83718119245288
2102,"IA",2.70668558160503,2.69445218275597,2.71894167429565
2102,"AF",3.53706702992543,3.5194283873391,3.5546784886316
2102,"LA",2.68714719458573,2.67500429923837,2.69928483493662
2103,"EU",2.25095259717857,2.23541843689058,2.26664123855048
2103,"US",1.99024423878261,1.97565300158894,2.00479947633605
2103,"OT",2.19301740642391,2.1777279307443,2.20825110915465
2103,"EE",2.05783529466304,2.0432046421165,2.07267895998173
2103,"CA",1.82609453164441,1.81166536360646,1.84064896824047
2103,"IA",2.69512239296428,2.67686537282225,2.71343991734906
2103,"AF",3.51587092865527,3.48961457179168,3.54214768636735
2103,"LA",2.67581066271273,2.65768780517974,2.6939524399389
2104,"EU",2.24460201649163,2.22395996541692,2.26548856438958
2104,"US",1.98691679313251,1.96755808763384,2.00630689856849
2104,"OT",2.18733863352294,2.16702042961287,2.20756339447285
2104,"EE",2.05372407326265,2.03429889882783,2.0734836933462
2104,"CA",1.82467054138788,1.80554824898966,1.84403125532187
2104,"IA",2.68362128591828,2.65940197606369,2.70795628468501
2104,"AF",3.49485254464145,3.46011229353095,3.52970252732431
2104,"LA",2.66453349159539,2.64049096692129,2.68863670735689
2105,"EU",2.23825126911593,2.2125364127921,2.26427349554805
2105,"US",1.98355290424089,1.95947424625685,2.00776893168301
2105,"OT",2.18165163247703,2.15633860034797,2.20683261969602
2105,"EE",2.04958581365294,2.02540686195666,2.0742224355895
2105,"CA",1.82318726709735,1.79942568389267,1.84733273103406
2105,"IA",2.67218181668082,2.64206101454327,2.70249066765334
2105,"AF",3.47401000239854,3.43102381833197,3.51734227556478
2105,"LA",2.65331527113452,2.62341285875489,2.68333754118748
2106,"EU",2.2319006803766,2.20114810013454,2.26304284378254
2106,"US",1.98015334641498,1.95140223690258,2.00918487739718
2106,"OT",2.17595682838513,2.14568287236005,2.20612562740988
2106,"EE",2.04542117373836,2.01652892989193,2.07490850252509
2106,"CA",1.82164576577247,1.79324081919513,1.8505134170108
2106,"IA",2.66080354564455,2.62484151942392,2.69704295846749
2106,"AF",3.45334144885707,3.40217240191466,3.50506620176353
2106,"LA",2.64215559498073,2.60645256334635,2.67805484618148
2107,"EU",2.22555056998974,2.18979533860483,2.26180610807413
2107,"US",1.97671888263579,1.94334203461323,2.01048379324802
2107,"OT",2.17025463946664,2.13505366391715,2.20539476700054
2107,"EE",2.04123080157941,2.00762678647139,2.07554236546888
2107,"CA",1.82004707948702,1.78700868504348,1.8535598820438
2107,"IA",2.64948603733349,2.60774253086941,2.69161305019717
2107,"AF",3.43284505307738,3.37360445117199,3.49287358314789
2107,"LA",2.63105406049246,2.58960917164636,2.67278852783713
2108,"EU",2.21920125214278,2.17847653557524,2.26054782377871
2108,"US",1.9732502647133,1.93529395269776,2.01173160422305
2108,"OT",2.16454547715845,2.12445283248719,2.20464030639586
2108,"EE",2.03701533552835,1.99869498621874,2.07612669900484
2108,"CA",1.81839223559103,1.78074930330165,1.85632051142292
2108,"IA",2.63822886035598,2.59076309794642,2.68620083676095
2108,"AF",3.41251900596732,3.3452936169396,3.48076370343846
2108,"LA",2.62001026869454,2.5728817828026,2.6675384923938
2109,"EU",2.21285303557382,2.16719556021578,2.25926624738701
2109,"US",1.96974823343942,1.92724169226245,2.01293594707673
2109,"OT",2.15882974621062,2.11387966751212,2.20386251096993
2109,"EE",2.03277540436315,1.98976076267255,2.07666207676237
2109,"CA",1.81668224691036,1.77446453240762,1.85897343223554
2109,"IA",2.62703158735834,2.57390227852787,2.68080621291908
2109,"AF",3.39236152000366,3.31734929516615,3.46873585279024
2109,"LA",2.60902382423728,2.55626950407275,2.66230437512603
2110,"EU",2.20650622364971,2.15601654861433,2.25796335390106
2110,"US",1.966213518739,1.91914317167894,2.0141933124828
2110,"OT",2.15310784478066,2.10333453540688,2.20307899434537
2110,"EE",2.02851162741955,1.98091649486056,2.07714625156755
2110,"CA",1.81491811194337,1.7681565801905,1.86194472406987
2110,"IA",2.61589379497907,2.55715913919733,2.67542907426623
2110,"AF",3.37237082895723,3.28965620214617,3.45678932773441
2110,"LA",2.59809433535605,2.53977145073873,2.65708610037284
2111,"EU",2.20016111444323,2.14488732257607,2.25663941070237
2111,"US",1.96264683981866,1.9110429551292,2.0154190156677
2111,"OT",2.14738016452666,2.09281780191451,2.20228157885594
2111,"EE",2.02422461472133,1.97209366951456,2.07756569213247
2111,"CA",1.81310081505505,1.76182497127002,1.8648676428172
2111,"IA",2.60481506380361,2.54053275515473,2.67006931722441
2111,"AF",3.35254518762169,3.26224779159279,3.44490958024938
2111,"LA",2.58722141383141,2.52338674602182,2.65188373859762
2112,"EU",2.19381800080908,2.13380665665694,2.25521890815775
2112,"US",1.9590489053137,1.9029458926723,2.01660688083156
2112,"OT",2.14164709069899,2.08234833257901,2.20146579432741
2112,"EE",2.0199149671088,1.96328781827144,2.0779062349721
2112,"CA",1.81123132666847,1.7554706913002,1.86774153999052
2112,"IA",2.59379497831971,2.52402221012308,2.66472683903584
2112,"AF",3.33288287154588,3.23512056372579,3.43296532338385
2112,"LA",2.57640467494968,2.50711452099889,2.64669720058667
2113,"EU",2.18747717045883,2.12277575778488,2.2539300767377
2113,"US",1.95542041343291,1.89485045962178,2.01757073066016
2113,"OT",2.13590900223085,2.07196575646893,2.20063183009394
2113,"EE",2.01558327636556,1.95449927246296,2.07819232796296
2113,"CA",1.80931060345363,1.74909470861073,1.87056809105454
2113,"IA",2.58283312687337,2.50762659625642,2.65940153775598
2113,"AF",3.31338217676979,3.20827214843401,3.4210758074535
2113,"LA",2.56564373746404,2.49095391451955,2.64152639781373
2114,"EU",2.18113890603493,2.11179396691077,2.25255338897397
2114,"US",1.95176205210147,1.88683666098874,2.0184302556228
2114,"OT",2.13016627182749,2.06162257813716,2.19978558584577
2114,"EE",2.01123012534348,1.94573174038635,2.07848600065023
2114,"CA",1.80733958851374,1.74269797446429,1.8732516570848
2114,"IA",2.57192910162526,2.49134501404886,2.65409331224658
2114,"AF",3.29404141956392,3.18170198145613,3.4092407223626
2114,"LA",2.55493822355612,2.47490407312439,2.63637124243414
2115,"EU",2.17480348518352,2.10086081703935,2.25115364896177
2115,"US",1.94807449910189,1.87891207835242,2.01935627324227
2115,"OT",2.12441926605427,2.05131881902567,2.19893699085883
2115,"EE",2.00685608808601,1.93698455970154,2.07864767183935
2115,"CA",1.805319211569,1.73628142331021,1.87568501342239
2115,"IA",2.56108249850779,2.47517657224468,2.64880206216875
2115,"AF",3.2748589361722,3.15543003795949,3.3974597599786
2115,"LA",2.54428775879804,2.4589641509641,2.63123164727919
2116,"EU",2.16847118062643,2.08985460297459,2.24973477460332
2116,"US",1.94435842221301,1.8710091358015,2.02030898880595
2116,"OT",2.11866834542345,2.04105449748036,2.19807333478741
2116,"EE",2.00246172994982,1.92825626330055,2.07873131435598
2116,"CA",1.80325038913789,1.72984597303462,1.87803173885625
2116,"IA",2.55029291718264,2.45912038774961,2.64352768797618
2116,"AF",3.25583308255823,3.12960108426826,3.38573261411911
2116,"LA",2.53369197211498,2.44313330971964,2.62610752585036
2117,"EU",2.16214226023203,2.07883923844576,2.24829700625937
2117,"US",1.94061447934715,1.86312791739365,2.02121657947601
2117,"OT",2.11291386447983,2.03082962880422,2.19719476340082
2117,"EE",1.99804760772471,1.91954713488522,2.07880719165832
2117,"CA",1.80113402471593,1.72339252520709,1.88029763964287
2117,"IA",2.53955996099886,2.44317558554312,2.63827009090833
2117,"AF",3.23696223415496,3.10405745318603,3.37405898053888
2117,"LA",2.52315049574813,2.42741071852328,2.62099879231382
2118,"EU",2.15581698708516,2.06806343932557,2.2468405818426
2118,"US",1.93684331868534,1.85525487724237,2.02208432919892
2118,"OT",2.1071561718852,2.02064422530978,2.19630142129603
2118,"EE",1.99361426975196,1.91085745169292,2.07883219768407
2118,"CA",1.79897100895212,1.7169219653238,1.88248380683249
2118,"IA",2.52888323695152,2.42734129859178,2.63302917298374
2118,"AF",3.21824478561762,3.07875764824406,3.36243727048626
2118,"LA",2.5126629652182,2.41179555388066,2.61590536149476
2119,"EU",2.1494956195561,2.0571926936338,2.24536573684184
2119,"US",1.93304557881074,1.84728404300243,2.02285288362156
2119,"OT",2.10139561050158,2.01049829637088,2.19539345190687
2119,"EE",1.98916225604102,1.90218748459299,2.07888073587471
2119,"CA",1.79676221982292,1.71046028474759,1.88459131798909
2119,"IA",2.5182623556408,2.41161666776369,2.6278048369934
2119,"AF",3.1996791505799,3.05351193837876,3.35086486162131
2119,"LA",2.50222901928929,2.39628699959371,2.6108271488719
2120,"EU",2.14317841136859,2.04634530535642,2.24387001976752
2120,"US",1.92922188884025,1.83932354373577,2.02350963797482
2120,"OT",2.0956325174734,2.00039184847363,2.19447099751318
2120,"EE",1.98469209838463,1.89353749818173,2.07901900268244
2120,"CA",1.79450852280389,1.70418077839425,1.88662123735469
2120,"IA",2.50769693123168,2.39600084174393,2.62259698649409
2120,"AF",3.18126376141347,3.02851845204853,3.33934460648968
2120,"LA",2.49184829993328,2.38086035820297,2.60576407057203
2121,"EU",2.13686561166683,2.03565193464014,2.24235310157245
2121,"US",1.92537286855432,1.8313737712668,2.02402573607831
2121,"OT",2.0898672243085,1.99032488526681,2.19353419924987
2121,"EE",1.98020432047238,1.88490315658934,2.07912676616148
2121,"CA",1.79221077103903,1.69798752329714,1.88857461601179
2121,"IA",2.49718658141409,2.38049297695102,2.61740552580189
2121,"AF",3.16299706899054,3.00377417860078,3.3278762155763
2121,"LA",2.48152045229464,2.36553548546193,2.60071604336457
2122,"EU",2.1305574650817,2.02500477032487,2.24081796837754
2122,"US",1.92149912852496,1.82343510951891,2.02445147408223
2122,"OT",2.08410005695798,1.98029740761146,2.19255401635821
2122,"EE",1.97569943800263,1.87629308461115,2.07920435291648
2122,"CA",1.78986980550775,1.69180463403111,1.89045062940607
2122,"IA",2.48673092736357,2.36509223745443,2.61223035998572
2122,"AF",3.14487754244963,2.97927614769176,3.31645940115743
2122,"LA",2.47124512465566,2.35031287183619,2.59568298465617
2123,"EU",2.12425421179591,2.01440374468189,2.23928692166382
2123,"US",1.91760127024209,1.81550793463009,2.02481885692571
2123,"OT",2.07833133589506,1.97031036034836,2.19147766670275
2123,"EE",1.97117795879308,1.86769805630983,2.07924409190235
2123,"CA",1.78748645518968,1.68525322328604,1.89224691500497
2123,"IA",2.47632959370241,2.34979779489302,2.60707139486084
2123,"AF",3.12690366896443,2.95501152134374,3.30525688737281
2123,"LA",2.46102196840213,2.335191792695,2.59066481248539
2124,"EU",2.11795608760831,2.00385223204813,2.23778246947735
2124,"US",1.91367988623809,1.80745210141346,2.02512840038306
2124,"OT",2.07256137619271,1.96035351742611,2.19031090135764
2124,"EE",1.96664038288963,1.85912358108319,2.07910458359727
2124,"CA",1.78506153722721,1.67871283725032,1.89396922965445
2124,"IA",2.46598220846129,2.33460882839454,2.60192853698256
2124,"AF",3.1090739535157,2.93079286245181,3.29429296438811
2124,"LA",2.45085063798942,2.32017152901941,2.58566144551742
2125,"EU",2.11166332399739,1.99334779681542,2.23626522444622
2125,"US",1.9097355602107,1.79932514821547,2.02537914165545
2125,"OT",2.06679048760035,1.94997494832708,2.18926027201227
2125,"EE",1.96208720267391,1.85056990670502,2.07858160052149
2125,"CA",1.78259585708574,1.67188227697406,1.89561858513768
2125,"IA",2.45568840304139,2.31952452449602,2.59680138183096
2125,"AF",3.09138691866618,2.90724050664657,3.28340483866038
2125,"LA",2.44073079090905,2.30525136735369,2.58067280303879
2126,"EU",2.10537614818374,1.98288954565339,2.23473533344356
2126,"US",1.90576886714422,1.7911978716517,2.02582665631671
2126,"OT",2.06101897461941,1.93960930858951,2.18812097336661
2126,"EE",1.95751890296928,1.84203727495919,2.07797584904974
2126,"CA",1.78009020871193,1.665386403309,1.89719598065871
2126,"IA",2.445447812177,2.30454407706518,2.59168918455772
2126,"AF",3.07384110433846,2.88378127175015,3.27259183471247
2126,"LA",2.43066208765556,2.29043059975734,2.57569880495222
2127,"EU",2.09909478319179,1.97247739385911,2.23315639595284
2127,"US",1.90178037342913,1.78327748271519,2.02626705873046
2127,"OT",2.05524713657786,1.92928775935562,2.18696037921834
2127,"EE",1.95293596114537,1.83352592173063,2.07792208967582
2127,"CA",1.77754537468968,1.65918020462703,1.89870240299646
2127,"IA",2.43526007389854,2.28966668722276,2.58659273644494
2127,"AF",3.0564350675958,2.86083642562616,3.26185328337096
2127,"LA",2.4206441916939,2.27570852375745,2.57073937177143
2128,"EU",2.09281944791059,1.96211125500453,2.23141767544398
2128,"US",1.89777063697996,1.7753985835882,2.02610610569056
2128,"OT",2.04947526770378,1.91946905199074,2.18577875080375
2128,"EE",1.94833884722124,1.82488497594705,2.0778440359059
2128,"CA",1.77496212639402,1.65298472400076,1.90013882665696
2128,"IA",2.4251248294961,2.27489156326574,2.58151194846339
2128,"AF",3.03916738242584,2.83765443733832,3.25118852170681
2128,"LA",2.41067676942716,2.26108444230157,2.56579442461602
2129,"EU",2.08655035715384,1.95179104097301,2.22965593329652
2129,"US",1.89374020735172,1.76753382238232,2.02607292685799
2129,"OT",2.04370365719781,1.90969706057055,2.1845704164347
2129,"EE",1.94372802396708,1.81620830825874,2.07774192984195
2129,"CA",1.77234122414297,1.6468000979776,1.90176969907357
2129,"IA",2.41504172348338,2.26021792059157,2.57644673227167
2129,"AF",3.0220366395271,2.81463098542059,3.24059689297673
2129,"LA",2.4007594901647,2.24655966117986,2.56086388520644
2130,"EU",2.08028772171901,1.94151666199523,2.22798802813113
2130,"US",1.88968962585456,1.75968351334791,2.02666833639133
2130,"OT",2.03793258930469,1.89996623318639,2.18331194974801
2130,"EE",1.9391039470046,1.8075375177953,2.07742265558705
2130,"CA",1.76968341734731,1.64062646066272,1.90331604241885
2130,"IA",2.40501040356215,2.24564498162325,2.57139700021036
2130,"AF",3.00504144609839,2.79182806980081,3.23007774656494
2130,"LA",2.39089202609071,2.23213170683971,2.55594767585893
2131,"EU",2.07403174844571,1.93128802668469,2.22634140579745
2131,"US",1.88561942566708,1.7518479639762,2.02677951578989
2131,"OT",2.03216234338379,1.89027650595523,2.18185980091114
2131,"EE",1.93446706490598,1.79887911476634,2.07708481824294
2131,"CA",1.76698944465831,1.6343244774167,1.90503148826758
2131,"IA",2.39503052058708,2.23117197573529,2.5663626652964
2131,"AF",2.98818042563091,2.76957282660186,3.21963043792565
2131,"LA",2.3810740522331,2.21779978314084,2.55104571948053
2132,"EU",2.06778264027317,1.9211050420726,2.22468089767206
2132,"US",1.88153013194791,1.74402869312873,2.02675257534542
2132,"OT",2.02639319397867,1.88062781340466,2.18037702722939
2132,"EE",1.9298178192915,1.79023681110903,2.07695846461721
2132,"CA",1.76426003411349,1.62799069406774,1.9067047884952
2132,"IA",2.38510172853102,2.21679813918061,2.56134364121734
2132,"AF",2.97145221770312,2.74788095056209,3.20905378586466
2132,"LA",2.37130524643285,2.20356321049963,2.54615793956418
2133,"EU",2.06154059629702,1.91096761364235,2.22300667657694
2133,"US",1.87742226194591,1.73623020005862,2.02666920824461
2133,"OT",2.02062541088566,1.87102008850405,2.17886410473933
2133,"EE",1.92515664492583,1.78160898860435,2.07681209748252
2133,"CA",1.7614959032804,1.62166002874795,1.90829063277889
2133,"IA",2.37522368445076,2.20252271501825,2.55633984232574
2133,"AF",2.95485547777831,2.72642490084897,3.19839536077956
2133,"LA",2.36158528931364,2.18942131461464,2.54128426018377
2134,"EU",2.05530581182521,1.90087564536338,2.22131891367069
2134,"US",1.8732963251088,1.72844761351551,2.02683473150314
2134,"OT",2.01485925922156,1.8613270645188,2.17756046057996
2134,"EE",1.92048396981305,1.77299597392337,2.07664590064654
2134,"CA",1.75869775939847,1.61533283103134,1.90977228467925
2134,"IA",2.36539604845316,2.18834495304202,2.55135118363362
2134,"AF",2.93838887700482,2.70520134275845,3.1877894712467
2134,"LA",2.35191386425195,2.17537342642024,2.53642460598931
2135,"EU",2.04907847843318,1.89082903972467,2.21961777846405
2135,"US",1.86915282319033,1.72068231097253,2.02701986276184
2135,"OT",2.00909499949033,1.85163815724009,2.1762612792942
2135,"EE",1.91580021529033,1.76439903448865,2.07645713490497
2135,"CA",1.75586629951891,1.60891998868619,1.91072099183585
2135,"IA",2.35561848366174,2.17426410970992,2.54637758080686
2135,"AF",2.92205110201886,2.68420699523439,3.1772357819403
2135,"LA",2.34229065734746,2.16147377709274,2.53157890220213
2136,"EU",2.0428587840183,1.88082769776768,2.21790343883516
2136,"US",1.86499225035604,1.71293706100964,2.02717084378203
2136,"OT",2.0033328876489,1.8421429088599,2.17494504481492
2136,"EE",1.91110579612033,1.75604209154996,2.07589002094544
2136,"CA",1.75300221064276,1.60248067376489,1.91159638579506
2136,"IA",2.34589065618363,2.16027944807444,2.5414189501598
2136,"AF",2.90584085475001,2.66343862996342,3.16673129113566
2136,"LA",2.33271535739383,2.14772749408503,2.52674707461007
2137,"EU",2.03664691285347,1.87076671182419,2.21617606104474
2137,"US",1.86081509328749,1.70520869316724,2.02676902340472
2137,"OT",1.99757317517214,1.83268876938293,2.17361195990169
2137,"EE",1.90640112058237,1.74754510708326,2.07516824300387
2137,"CA",1.75010616985706,1.59604144211326,1.91263048932663
2137,"IA",2.33621223507699,2.14639023771372,2.53647520864975
2137,"AF",2.88975685222914,2.64289307048535,3.15627023155624
2137,"LA",2.32318765584988,2.13407713145117,2.52192904956277
2138,"EU",2.03044304564009,1.86066178547238,2.21442917535912
2138,"US",1.85662183128521,1.69749745570055,2.02596641576596
2138,"OT",1.99181610911678,1.82327935999788,2.17226222536707
2138,"EE",1.9016865905624,1.73903064128048,2.07432053344465
2138,"CA",1.74717884446917,1.58960276220606,1.91392603377497
2138,"IA",2.32658289231878,2.13259575466345,2.5315462738716
2138,"AF",2.87379782639897,2.62256719131877,3.14585991201531
2138,"LA",2.31370724681101,2.12052188411369,2.51712475396695
2139,"EU",2.0242473595602,1.85080825115154,2.21266835158193
2139,"US",1.85241293637009,1.68975334668963,2.0252312174131
2139,"OT",1.98606193218462,1.81370577357491,2.17109220788566
2139,"EE",1.8969626016416,1.73071368801515,2.07342261449546
2139,"CA",1.74422089213927,1.58316509396206,1.9152547458434
2139,"IA",2.317002302773,2.11889528134964,2.52663206405252
2139,"AF",2.85796252392707,2.60234279937243,3.13550001429124
2139,"LA",2.30427382698113,2.10706095573083,2.51236086920149
2140,"EU",2.01806002832797,1.8410003096181,2.21089468170512
2140,"US",1.84818887338355,1.68186250614321,2.02530557361855
2140,"OT",1.98031088278476,1.8040213681963,2.16992661994824
2140,"EE",1.89222954318395,1.72262187022718,2.07278221772253
2140,"CA",1.74123296101114,1.57672888886596,1.91654117543991
2140,"IA",2.3074701441592,2.10524565151659,2.52173249804661
2140,"AF",2.84224970602126,2.58230856245149,3.12531507061266
2140,"LA",2.2948870956448,2.09369355857777,2.50763895012353
2141,"EU",2.0118812222404,1.83124716361856,2.20910833185357
2141,"US",1.84395010008625,1.67398308541293,2.02535500613051
2141,"OT",1.97456319509503,1.79464236823735,2.16856977125559
2141,"EE",1.88748779842251,1.71444107223067,2.07191912162619
2141,"CA",1.73821568984105,1.57042268890207,1.91758461341482
2141,"IA",2.29798609702154,2.0916852900774,2.51684749532968
2141,"AF",2.82665814824755,2.56259223968397,3.1156716002554
2141,"LA",2.28554675463975,2.08041891342965,2.50293264506672
2142,"EU",2.0057111082274,1.82153986351261,2.20716337337093
2142,"US",1.8396970672555,1.66622471520283,2.02537976166593
2142,"OT",1.96881909912253,1.78533696289733,2.16712235513242
2142,"EE",1.88273774454451,1.70604109450571,2.07101922909693
2142,"CA",1.73516970812504,1.56432935198035,1.91871866774619
2142,"IA",2.28854984469805,2.07821552447963,2.51197697599404
2142,"AF",2.81118664035033,2.54308296375114,3.10610097569303
2142,"LA",2.27625250832976,2.06723624944648,2.49824184385399
2143,"EU",1.99954984990114,1.81187802961503,2.20509452862349
2143,"US",1.83543021878133,1.65876867617423,2.02538008478244
2143,"OT",1.9630788207634,1.7760707027408,2.16565767004574
2143,"EE",1.87797975277536,1.69766071729662,2.07071018423706
2143,"CA",1.73209563622442,1.55830099203223,1.91944371872824
2143,"IA",2.27916107329044,2.06483571149836,2.50712086074332
2143,"AF",2.79583398607501,2.52377788255599,3.09627325492213
2143,"LA",2.26700406357786,2.05407545583499,2.49356643737506
2144,"EU",1.99339760760469,1.80207855588195,2.20300498183559
2144,"US",1.83114999176131,1.65133648781502,2.0253562178969
2144,"OT",1.95734258186172,1.76671950690193,2.16417165293381
2144,"EE",1.87321418846145,1.68930028857123,2.07045147425103
2144,"CA",1.72899408548955,1.55228752398199,1.91996226888786
2144,"IA",2.26981947163416,2.05154771726867,2.50227907088736
2144,"AF",2.78059900299295,2.50419130989005,3.08617954084685
2144,"LA",2.25780112971983,2.04098624370345,2.48890631757545
2145,"EU",1.98725453846004,1.79230648537063,2.20107664968798
2145,"US",1.82685681659398,1.64381803045161,2.02530840130397
2145,"OT",1.95161060026758,1.75729264042867,2.16266110065048
2145,"EE",1.86844141115185,1.68096014737586,2.07017434519908
2145,"CA",1.72586565838202,1.546056550762,1.92042399320293
2145,"IA",2.26052473126887,2.03834888435085,2.49745152833715
2145,"AF",2.76548052232867,2.48474063063612,3.07613357851084
2145,"LA",2.24864341853805,2.02798472805445,2.48426137744557
2146,"EU",1.98112079641539,1.78257459037791,2.19917618709557
2146,"US",1.82255111707115,1.6359377492581,2.02487064008889
2146,"OT",1.94588308989445,1.74789910983413,2.16113353341279
2146,"EE",1.86366177467892,1.67264062398799,2.06956043003587
2146,"CA",1.72271094859514,1.53952989153155,1.92082970164296
2146,"IA",2.25127654640929,2.02523817018575,2.49263815559975
2146,"AF",2.75047738878933,2.46547398080112,3.06613507418014
2146,"LA",2.23953064423565,2.01507026439869,2.47963151100995
2147,"EU",1.97499653229189,1.77288292252979,2.19726284568691
2147,"US",1.81823331046881,1.62806937406885,2.02439647020678
2147,"OT",1.94016026077565,1.73854057005164,2.15969953554991
2147,"EE",1.85887562723776,1.66434204006647,2.06892405729617
2147,"CA",1.7195305411728,1.53300017714252,1.92168042818531
2147,"IA",2.2420746139164,2.01221494820537,2.48783887577337
2147,"AF",2.73558846039646,2.4463892466916,3.05618373615375
2147,"LA",2.23046252341098,2.00224221370242,2.47501661331661
2148,"EU",1.96888189382958,1.76331818564472,2.19533680275854
2148,"US",1.81390380763692,1.62021340017263,2.02429836331181
2148,"OT",1.9344423191201,1.72943236258838,2.15821621709119
2148,"EE",1.85408331146465,1.65606470879955,2.06826547679016
2148,"CA",1.71632501262674,1.52679929410437,1.92301608291054
2148,"IA",2.23291863326891,1.99927859674228,2.48305361254236
2148,"AF",2.72081260831985,2.42748434234884,3.04627927474885
2148,"LA",2.22143877503242,1.989499942333,2.47041658042646
2149,"EU",1.96277702573284,1.75391680483693,2.19339823378036
2149,"US",1.80956301308794,1.61237098814746,2.02423111770002
2149,"OT",1.9287294673673,1.7205460545753,2.15646129276335
2149,"EE",1.84928516451439,1.64780893505055,2.06758493595919
2149,"CA",1.71309493105226,1.52064291950298,1.9243262793143
2149,"IA",2.22380830653525,1.98642849898632,2.47828229017234
2149,"AF",2.70614871671363,2.40862999200944,3.03766059632789
2149,"LA",2.21245912041341,1.97684282200507,2.46583130940288
2150,"EU",1.95668206971513,1.74451502386134,2.19144731241382
2150,"US",1.80521132508411,1.60454683249326,2.02413641900061
2150,"OT",1.92302190424157,1.71170259823786,2.15487532223357
2150,"EE",1.8444815181366,1.63957501550131,2.06688267989765
2150,"CA",1.70984085624236,1.51441324493193,1.92474485593288
2150,"IA",2.21474333834575,1.97366404294176,2.47352483350533
2150,"AF",2.6915956825545,2.38946515392075,3.02920653503812
2150,"LA",2.20352328318789,1.96427022972731,2.46126069830143
2151,"EU",1.95059716454313,1.73492413763525,2.18948421052978
2151,"US",1.80084913572366,1.59664340179841,2.0235253001621
2151,"OT",1.91731982480547,1.7029018140027,2.15330502658009
2151,"EE",1.83967269875093,1.63136323879347,2.0661589513748
2151,"CA",1.7065633398003,1.5079566220769,1.92489408346452
2151,"IA",2.20572343586519,1.96100495441947,2.46878116795493
2151,"AF",2.67715241548203,2.37046182651646,3.02083650475507
2151,"LA",2.19463098928597,1.95178154774985,2.45670464615954
2152,"EU",1.94452244608028,1.72537240404721,2.18751188184536
2152,"US",1.79647683102575,1.58877527830366,2.0225331140354
2152,"OT",1.91162342051261,1.69414352277012,2.15174589792227
2152,"EE",1.83485902752137,1.62317388566746,2.06541299063067
2152,"CA",1.70326292525068,1.50158567886377,1.924745524467
2152,"IA",2.19674830876577,1.94855993978413,2.46405121950152
2152,"AF",2.66281783764112,2.35202282135916,3.01254948491905
2152,"LA",2.18578196690987,1.93934311236658,2.45216305298648
2153,"EU",1.93845804732967,1.71585990730229,2.18558531249853
2153,"US",1.79209479101431,1.58115358691468,2.02178893780154
2153,"OT",1.90593287925959,1.68542754591621,2.15017300204378
2153,"EE",1.8300408204294,1.61501037473842,2.06463541332491
2153,"CA",1.69994014814908,1.49524258595959,1.92428359521995
2153,"IA",2.18781766920029,1.93620134103235,2.45933491468755
2153,"AF",2.64859088352643,2.33400662658096,3.00434446753142
2153,"LA",2.17697594651026,1.92697821662427,2.44763581975329
2154,"EU",1.93240409847642,1.70638672587848,2.18364866565896
2154,"US",1.78770338980072,1.57368346474919,2.02134848508138
2154,"OT",1.90024838543737,1.6767537052948,2.1485865092436
2154,"EE",1.82521838834627,1.60687411199626,2.06390656533223
2154,"CA",1.6965955361901,1.48890634733094,1.92374775610159
2154,"IA",2.17893123177575,1.92392843908744,2.45463218061284
2154,"AF",2.63447049982887,2.3157699356477,2.99622045699972
2154,"LA",2.16821266076274,1.9146946564904,2.44312284838289
2155,"EU",1.92636072692938,1.69695293264476,2.18170207521145
2155,"US",1.78330299566542,1.56616534457529,2.02045619104531
2155,"OT",1.89457011998183,1.6680299325599,2.14698658818289
2155,"EE",1.82039203710422,1.59876119709326,2.06320337381545
2155,"CA",1.69322960931403,1.48257729523205,1.92342255546001
2155,"IA",2.17008871352724,1.91174052259919,2.44994294492989
2155,"AF",2.62045564528415,2.29761794718352,2.98817646998486
2155,"LA",2.15949184454472,1.90249186748818,2.43862404174028
2156,"EU",1.92032805736232,1.68755859497704,2.17974567375997
2156,"US",1.77889397113832,1.55847353218949,2.01952873668129
2156,"OT",1.88889826042365,1.65927968235482,2.1453734059002
2156,"EE",1.81556206756677,1.59067187484394,2.06247054487473
2156,"CA",1.68984287981211,1.47625575540477,1.92401175165482
2156,"IA",2.16128983389208,1.89963688783953,2.44526713583928
2156,"AF",2.60654529052317,2.27964225202897,2.97936012108834
2156,"LA",2.15081323491253,1.89036928939484,2.43413930362284
2157,"EU",1.91430621175452,1.67820377487217,2.1777795926394
2157,"US",1.77447667307827,1.55079856498025,2.01856663955948
2157,"OT",1.88323298093758,1.65056798718103,2.14374712782653
2157,"EE",1.81072877569804,1.58260638295324,2.06171704781596
2157,"CA",1.68643585243026,1.46994204717269,1.92371464832408
2157,"IA",2.15253431468444,1.88760140632193,2.44067853175517
2157,"AF",2.5927384179245,2.2618318116225,2.96989343353784
2157,"LA",2.14217657107879,1.8783263662059,2.42966853875071
2158,"EU",1.90829530943081,1.66895172575795,2.17580396192712
2158,"US",1.77005145275126,1.54314094827673,2.01785545583646
2158,"OT",1.87757445239091,1.64177782434747,2.14209976111972
2158,"EE",1.80589245263114,1.57456495214087,2.06094596440947
2158,"CA",1.68300902447154,1.46363648353394,1.92419634647281
2158,"IA",2.14382188007005,1.87555813051507,2.43610696304691
2158,"AF",2.57903402146865,2.24473108031938,2.96046645220731
2158,"LA",2.13358159439009,1.86636254609983,2.42521165275731
2159,"EU",1.90229546710103,1.65990685497294,2.17381891045458
2159,"US",1.76561865590774,1.53551496182582,2.01744309766173
2159,"OT",1.87192284239141,1.63270026535858,2.140436407703
2159,"EE",1.80105338473563,1.56672863792965,2.05990400928793
2159,"CA",1.67956288589715,1.45734661317642,1.9243731612194
2159,"IA",2.13515225654144,1.86359574060613,2.43155037491698
2159,"AF",2.56543110659437,2.22816811810798,2.95107886305969
2159,"LA",2.1250280483049,1.85447728140301,2.42076855217993
2160,"EU",1.89630679889896,1.65090846728036,2.17182456581864
2160,"US",1.76117862285881,1.5282261627649,2.01701088004953
2160,"OT",1.86627831533448,1.62387019687597,2.13876020475272
2160,"EE",1.79621185368403,1.55853117015367,2.05919487874452
2160,"CA",1.67609791942612,1.45107096810064,1.92410952791879
2160,"IA",2.12652517289328,1.85171363967508,2.42700866233646
2160,"AF",2.5519286900567,2.21176881988171,2.94172439490417
2160,"LA",2.11651567837179,1.84267002855499,2.41633914445042
2161,"EU",1.89032941642073,1.64195275695826,2.16982105439297
2161,"US",1.75673168855136,1.52114227333756,2.01655900175237
2161,"OT",1.86064103244976,1.61533151290929,2.13695681771861
2161,"EE",1.79136813651749,1.55054018129471,2.0584710447175
2161,"CA",1.67261460063361,1.44448288946245,1.92380049720984
2161,"IA",2.11794036019817,1.83991123588332,2.42248172129174
2161,"AF",2.53852579978692,2.19553250845167,2.93240021818806
2161,"LA",2.10804423220784,1.83094049397096,2.41192333788597
2162,"EU",1.88436342876267,1.63303960293924,2.16780850133919
2162,"US",1.75227818264226,1.51403695972674,2.01608765981718
2162,"OT",1.85501115184702,1.6068316028357,2.13489833062099
2162,"EE",1.78652250571051,1.54257388260493,2.05773264703832
2162,"CA",1.66911339804792,1.43838442698875,1.92440030139957
2162,"IA",2.10939755178263,1.8281879424226,2.41796944877406
2162,"AF",2.5252214747543,2.17942487422319,2.92311273820941
2162,"LA",2.09961345947742,1.81928845901536,2.40752104168005
2163,"EU",1.87840894255864,1.6241688832601,2.16578703061798
2163,"US",1.74781842957148,1.50652069900185,2.01559704959962
2163,"OT",1.84938882856149,1.59837920695428,2.13286694738378
2163,"EE",1.78167522923482,1.53464813438562,2.05693623573582
2163,"CA",1.66559477324623,1.43226483892079,1.9241418071914
2163,"IA",2.10089648320344,1.8165431774647,2.41347174276918
2163,"AF",2.51201476482969,2.16329060228444,2.91386356049942
2163,"LA",2.09122311187105,1.80771284001364,2.40313216589333
2164,"EU",1.87246606201684,1.61534047508689,2.16375676500012
2164,"US",1.74335274863427,1.49902376987723,2.01524607471651
2164,"OT",1.84377421459849,1.58996939903268,2.13107705970725
2164,"EE",1.77682657062234,1.52675427925138,2.05608793861544
2164,"CA",1.66205918094894,1.42600768385868,1.92326031712817
2164,"IA",2.09243689222419,1.80497636411146,2.40898850224709
2164,"AF",2.49890473065081,2.14725432392757,2.90465248767453
2164,"LA",2.08287294308474,1.79621310901236,2.39875662144478
2165,"EU",1.86653488895613,1.60655425473937,2.16171782607736
2165,"US",1.73888145405233,1.49154644677624,2.01505247688114
2165,"OT",1.83816745897751,1.58159820232661,2.12927410118465
2165,"EE",1.77197678902739,1.51888592000219,2.05522002187988
2165,"CA",1.65850706911291,1.41976061961725,1.92432547352523
2165,"IA",2.08401851879222,1.79348693034563,2.40451962715186
2165,"AF",2.48589044348934,2.13154768031459,2.89547932350402
2165,"LA",2.07456270879934,1.78478874201391,2.39439432010288
2166,"EU",1.8606155228418,1.59781009771522,2.15967033427324
2166,"US",1.73440485504407,1.48408899673972,2.01472069100972
2166,"OT",1.83256870777564,1.57326550960353,2.127458249568
2166,"EE",1.76712613928792,1.51104323589405,2.05378665829016
2166,"CA",1.65493887902327,1.41352699881501,1.92460900955194
2166,"IA",2.07564110501572,1.78207430898207,2.40006501839165
2166,"AF",2.47297098511971,2.11572508320004,2.88634387290291
2166,"LA",2.06629216666034,1.77343921894352,2.3900451744768
2167,"EU",1.85470806082093,1.58908634946706,2.15761440885379
2167,"US",1.72992325589381,1.47665167955347,2.01403334950255
2167,"OT",1.82697810417046,1.56497121293138,2.12562968078053
2167,"EE",1.76227487198602,1.5032264002284,2.05226020659614
2167,"CA",1.65135504538413,1.4073117789508,1.9241991003788
2167,"IA",2.06730439514122,1.77073793761968,2.39562457782874
2167,"AF",2.46014544768958,2.09987478728738,2.87796869353336
2167,"LA",2.05806107625773,1.76216402361654,2.38570909800784
2168,"EU",1.84881259775715,1.58043557900897,2.15555016793814
2168,"US",1.72543695602019,1.46923474787379,2.01332512704959
2168,"OT",1.82139578848227,1.55671520369745,2.12378856893481
2168,"EE",1.75742323350755,1.49543558045847,2.05070419014902
2168,"CA",1.64775599640802,1.40110754596038,1.92374807894701
2168,"IA",2.05900813553124,1.75947725859377,2.3911982082697
2168,"AF",2.44741293359207,2.08416786448087,2.86989238165818
2168,"LA",2.04986919910628,1.75096264370606,2.3813860049608
2169,"EU",1.842929226265,1.57180808264885,2.15347772850904
2169,"US",1.72094625004354,1.46183844735112,2.01259625750599
2169,"OT",1.81582189821578,1.54840283096975,2.12193508635074
2169,"EE",1.75257146610095,1.4876709382941,2.04948366491715
2169,"CA",1.6441421539041,1.39491454688247,1.9232308061397
2169,"IA",2.0507520746423,1.74829171892904,2.38678581345569
2169,"AF",2.4347725553395,2.06860272923225,2.8618718860901
2169,"LA",2.0417162986259,1.73983457071082,2.37707581041556
2170,"EU",1.83705803674376,1.56322207552311,2.15139720642326
2170,"US",1.71645142785239,1.45446301675169,2.01184085028638
2170,"OT",1.81025656810124,1.53995786208518,2.1200694035733
2170,"EE",1.74771980793534,1.47993262980477,2.04837861719369
2170,"CA",1.64051393336523,1.38873302350312,1.92331048255488
2170,"IA",2.04253596300314,1.73718077029306,2.38238729805278
2170,"AF",2.42222343543893,2.05317781633014,2.85390667223931
2170,"LA",2.03360214012229,1.72877929992343,2.37277843025869
2171,"EU",1.83119911741089,1.55467743410384,2.14930871642193
2171,"US",1.7119527746691,1.44710990079888,2.01103797704778
2171,"OT",1.80469993013493,1.53154844019937,2.11819168939017
2171,"EE",1.74286849315771,1.47242263982356,2.04725624855244
2171,"CA",1.6368717440539,1.38256321243296,1.92351134582805
2171,"IA",2.0343595531932,1.72614386895031,2.37800256764249
2171,"AF",2.40976470626921,2.03789158061695,2.84599621091208
2171,"LA",2.02552649076788,1.71779633039885,2.36849378117515
2172,"EU",1.82535255433487,1.54617403405549,2.14721058555218
2172,"US",1.70745057111451,1.43949925195945,2.01035394666502
2172,"OT",1.79915211361924,1.52317459244737,2.11630211084914
2172,"EE",1.73801775194942,1.46499177515542,2.04611676186616
2172,"CA",1.63321598908688,1.37640534518338,1.92368727175609
2172,"IA",2.02622259982142,1.71513452452489,2.37363152871232
2172,"AF",2.39739550995959,2.02235408313677,2.83813997825597
2172,"LA",2.01748911958287,1.70688516492326,2.36422178064007
2173,"EU",1.81951843146775,1.53771175025904,2.14510312263628
2173,"US",1.70294509327186,1.43150384449528,2.00939093228777
2173,"OT",1.793613245202,1.5148363421325,2.1144008332754
2173,"EE",1.7331678105819,1.45758975597801,2.0449603580633
2173,"CA",1.62954706551889,1.37025964824172,1.92383850544763
2173,"IA",2.0181248595052,1.70419294126275,2.36927408864641
2173,"AF",2.38511499827005,2.00712812953854,2.83033745570548
2173,"LA",2.00948979741662,1.69604530998305,2.35996234691066
2174,"EU",1.8136968306771,1.5292904568358,2.14298797694315
2174,"US",1.6984366127497,1.42434964181372,2.00855205754676
2174,"OT",1.78808344891545,1.50664184700256,2.11248802028859
2174,"EE",1.72831889147162,1.45027058541299,2.04378723614615
2174,"CA",1.62586536442504,1.36412634314552,1.92396528987061
2174,"IA",2.0100660908497,1.69332340421244,2.36493015571636
2174,"AF",2.37292233247299,1.99229223294454,2.82258812992831
2174,"LA",2.00152829692915,1.6852762757343,2.35571539901816
2175,"EU",1.80788783177759,1.52091002717083,2.14086526004033
2175,"US",1.69392539674407,1.4173785604433,2.0076937269023
2175,"OT",1.78256284621459,1.49844579032068,2.11060466679493
2175,"EE",1.72347121323424,1.44298563205132,2.04259759320875
2175,"CA",1.62217127098221,1.35779041183788,1.92406786587068
2175,"IA",2.0020460544273,1.68252541253168,2.36059963907205
2175,"AF",2.36081668323656,1.97758937726282,2.81489149277213
2175,"LA",1.99360439257297,1.67457757597238,2.35148085675987
2176,"EU",1.80209151256217,1.512570333936,2.13873508241237
2176,"US",1.68941170809974,1.41043835107315,2.00698009453826
2176,"OT",1.77705155601496,1.49013429636631,2.10875289052908
2176,"EE",1.71862499073815,1.43573006962621,2.04139162445471
2176,"CA",1.61846516454933,1.35135658629001,1.92414647218954
2176,"IA",1.99406451275741,1.67179846916172,2.35628244873261
2176,"AF",2.34879723050949,1.96301808924792,2.80724704121194
2176,"LA",1.98571786057501,1.66394872810194,2.34725864069133
2177,"EU",1.79630794883269,1.50427124911265,2.13659755347078
2177,"US",1.68489580537074,1.40343802560196,2.00633849005965
2177,"OT",1.77154969473003,1.48185805268869,2.10689131613526
2177,"EE",1.71378043515717,1.42850387289496,2.04016952321476
2177,"CA",1.61474741874654,1.34493364571256,1.9239511490309
2177,"IA",1.98612123028639,1.66114208079539,2.35197849557748
2177,"AF",2.33686316340737,1.94857691473946,2.79932309118739
2177,"LA",1.97786847891884,1.6533892531071,2.34304867211846
2178,"EU",1.79053721443024,1.49601284457515,2.13445278156401
2178,"US",1.6803779428799,1.39623736256821,2.00568211581301
2178,"OT",1.76605737630794,1.4736470249032,2.10502007348807
2178,"EE",1.70893775402258,1.4213070151306,2.03893148096425
2178,"CA",1.61101840153339,1.33852194215204,1.92339133694686
2178,"IA",1.97821597336785,1.65055575784567,2.34768769133756
2178,"AF",2.3250136801004,1.93400078691883,2.79110992374827
2178,"LA",1.97005602732709,1.64289867552197,2.33885087308993
2179,"EU",1.78477938126496,1.48779823215304,2.13230087398722
2179,"US",1.6758583707778,1.389059427737,2.00501111153249
2179,"OT",1.76057471226781,1.46551339685909,2.10313929121996
2179,"EE",1.70409715127447,1.41413946814876,2.03767768734039
2179,"CA",1.60727847528589,1.33212181943014,1.9227744270715
2179,"IA",1.97034851024308,1.64003901441436,2.34340994858645
2179,"AF",2.31324798770264,1.91945034587156,2.78293746845739
2179,"LA",1.96228028724403,1.63247652340144,2.33466516638946
2180,"EU",1.77903451934548,1.47962385041252,2.13014193699202
2180,"US",1.67133733510073,1.38190439732602,2.00432450856768
2180,"OT",1.75510181173554,1.45741538252591,2.1012490967326
2180,"EE",1.69925882731233,1.4068541386662,2.0364083301594
2180,"CA",1.60352799687256,1.32573361328157,1.92220645507134
2180,"IA",1.96251861102172,1.62959136826115,2.33914518073174
2180,"AF",2.3015653021626,1.90502406975428,2.77478518883967
2180,"LA",1.95454104181841,1.62212232829217,2.33049147552833
2181,"EU",1.77330269680798,1.47148956719223,2.1279760757961
2181,"US",1.66681507782799,1.37477677464455,2.00294094432208
2181,"OT",1.74963878147909,1.44935632350964,2.09934961620815
2181,"EE",1.69442297904503,1.39939819088971,2.0351235954335
2181,"CA",1.59976731772949,1.31935765148983,1.92198705425567
2181,"IA",1.95472604766276,1.61921234077299,2.3348933020065
2181,"AF",2.2899648481553,1.8907207363934,2.76667265565693
2181,"LA",1.94683807588646,1.61183562520398,2.3263297247379
2182,"EU",1.76758397994475,1.46339524979606,2.12569352775847
2182,"US",1.66229183693837,1.36767630596423,2.00137907498514
2182,"OT",1.74418572594333,1.4414131091567,2.09744097462046
2182,"EE",1.68958979994002,1.39224966965612,2.03382366738767
2182,"CA",1.59599678393435,1.31270811792143,1.921737607921
2182,"IA",1.94697059395562,1.60890192024528,2.33065422746073
2182,"AF",2.27844585897571,1.87653913723216,2.75859971222642
2182,"LA",1.93917117595515,1.60161595258136,2.32217983896219
2183,"EU",1.76187843323249,1.45534076501264,2.12336732593627
2183,"US",1.65776784646585,1.3605992755469,2.00015278213216
2183,"OT",1.73874274728434,1.43362601066009,2.0955232957461
2183,"EE",1.68475948007201,1.38512997206886,2.03250872847631
2183,"CA",1.59221673627945,1.3065235711526,1.92124956287966
2183,"IA",1.93925202550157,1.59865965779464,2.326427872953
2183,"AF",2.26700757643358,1.86247807716553,2.75056609100146
2183,"LA",1.93154013018553,1.59146285227536,2.31804174385059
2184,"EU",1.75618611936007,1.4473095501158,2.12103269686965
2184,"US",1.65324333655461,1.35354583421799,1.99912905607838
2184,"OT",1.7333099454033,1.4258785004687,2.09359670217532
2184,"EE",1.67993220617084,1.37803601410581,2.03117895939977
2184,"CA",1.58842751034376,1.30030639361571,1.92027402073123
2184,"IA",1.9315701196953,1.58848460424621,2.32221415514212
2184,"AF",2.25564925074954,1.84853637437711,2.74257152645217
2184,"LA",1.92394472837638,1.58137136138886,2.31391536575062
2185,"EU",1.75050709925603,1.43922686717107,2.11868978481973
2185,"US",1.64871853351322,1.34651612761633,1.99808427283746
2185,"OT",1.72788741797985,1.41817007209482,2.09166131532298
2185,"EE",1.67510816166877,1.37097082297126,2.02982851614478
2185,"CA",1.58462943656405,1.294219402008,1.91926687479014
2185,"IA",1.92392465570675,1.5783762948192,2.31801299147889
2185,"AF",2.24437014045263,1.83471286017826,2.73461575504985
2185,"LA",1.91638476194802,1.57130806357064,2.30980063170079
2186,"EU",1.74484143211562,1.43118316008432,2.11633873241865
2186,"US",1.64419365986819,1.33951029628729,1.99701930971384
2186,"OT",1.72247526050508,1.41049791948627,2.08971725543925
2186,"EE",1.67028752674715,1.36393438653164,2.02836070739538
2186,"CA",1.58082284030498,1.28820068652873,1.91822859423417
2186,"IA",1.91631541446311,1.56833426822005,2.31382430019799
2186,"AF",2.23316951227911,1.82100637884911,2.72669851525149
2186,"LA",1.90886002392626,1.56130973887465,2.30569746942344
2187,"EU",1.73918917542748,1.42317833466295,2.11397968068721
2187,"US",1.63966893441666,1.33252847577445,1.99593732678821
2187,"OT",1.71707356631396,1.4028619440552,2.08776464162032
2187,"EE",1.66547047838243,1.35669100691958,2.02709360499057
2187,"CA",1.57700804192836,1.2820434105458,1.91715964236132
2187,"IA",1.9087421786311,1.55835806661329,2.30964800030992
2187,"AF",2.22204664107258,1.8074157874817,2.71881954748434
2187,"LA",1.9013703089266,1.55137595824568,2.30160580731783
2188,"EU",1.73355038499996,1.41521229529004,2.11160699654405
2188,"US",1.63514457227855,1.32557079670993,1.99483852310535
2188,"OT",1.71168242661743,1.39525014917512,2.08580359181895
2188,"EE",1.66065719039151,1.34934370425615,2.0257118578359
2188,"CA",1.57318535686137,1.27565988102439,1.91623538706193
2188,"IA",1.9012047325994,1.54844723559266,2.305484011593
2188,"AF",2.21100080968532,1.79393995582513,2.7109785941307
2188,"LA",1.89391541313856,1.54150629555877,2.29752557445309
2189,"EU",1.72792511498708,1.40728494496093,2.10922454617086
2189,"US",1.63062078494787,1.31875239374727,1.99372309580283
2189,"OT",1.70630193053392,1.38746248926018,2.08383422285497
2189,"EE",1.65584783347655,1.34202414863643,2.02431386531359
2189,"CA",1.56935509566392,1.26929255863364,1.91598551063928
2189,"IA",1.89370286246128,1.53860132415252,2.30133225458553
2189,"AF",2.20003130888101,1.78057776613257,2.70317539951275
2189,"LA",1.88649513431023,1.53170032759829,2.29345670056145
2190,"EU",1.72231341791409,1.39939618531917,2.10683443259658
2190,"US",1.62609778034339,1.31211851729656,1.99259124012881
2190,"OT",1.7009321651206,1.37995076031226,2.08185665042567
2190,"EE",1.65104257526913,1.33473372352681,2.0229769836671
2190,"CA",1.56551756409517,1.26305964632214,1.91571539372332
2190,"IA",1.88623635599751,1.52881988465951,2.29719265057791
2190,"AF",2.1891374372386,1.76732811301032,2.69540970987749
2190,"LA",1.87910927173301,1.52195763403708,2.28939911603137
2191,"EU",1.71671534470273,1.39148296215754,2.10443679271777
2191,"US",1.62157576285863,1.30551864875793,1.99144314945959
2191,"OT",1.69557321540404,1.37247492933957,2.07987098911603
2191,"EE",1.64624158037377,1.32747896409489,2.02148398384551
2191,"CA",1.56167306317901,1.25726033822119,1.91542523684679
2191,"IA",1.87880500265935,1.51910247282449,2.29306512160498
2191,"AF",2.17831850105745,1.75418990326875,2.68768127338191
2191,"LA",1.87175762622646,1.51227779741577,2.28535275190085
2192,"EU",1.7111309446961,1.38355252585502,2.1020317618691
2192,"US",1.61705493341118,1.29894433841263,1.99027901531706
2192,"OT",1.69022516441057,1.36503488754595,2.07787735240899
2192,"EE",1.64144501041098,1.32025229654478,2.02004770639776
2192,"CA",1.55782188926883,1.25138710189596,1.91511523882409
2192,"IA",1.8714085935519,1.50944864767473,2.28894959043834
2192,"AF",2.16757381426368,1.74116214308324,2.67998984007811
2192,"LA",1.86444000012338,1.50266040312234,2.28131753985078
2193,"EU",1.70556026568318,1.37566032490458,2.09961947384031
2193,"US",1.61253548949132,1.29239535176644,1.98909902738599
2193,"OT",1.6848880931961,1.3576305255233,2.07587474357267
2193,"EE",1.63665302405958,1.31316870761366,2.01859821090897
2193,"CA",1.55396433411126,1.24513513947563,1.91478559676576
2193,"IA",1.86404692141746,1.49985797152639,2.28484598057879
2193,"AF",2.15690269831775,1.72825522851348,2.6723351618987
2193,"LA",1.8571561972551,1.49310503937169,2.2772934121983
2194,"EU",1.70000335392301,1.36780647757001,2.09713795176389
2194,"US",1.60801762521001,1.28587169921583,1.98790337353112
2194,"OT",1.67956208087568,1.35026173327049,2.07386129612437
2194,"EE",1.63186577709857,1.30640750777113,2.01713384124919
2194,"CA",1.55010068490923,1.2388988600863,1.91443650609272
2194,"IA",1.85671978061924,1.49033000995719,2.28075421624885
2194,"AF",2.14630448212315,1.71545656178166,2.66471699264215
2194,"LA",1.8499060229368,1.48361129718551,2.27328030189035
2195,"EU",1.69446025416859,1.35999500318764,2.09469256347692
2195,"US",1.60350153134624,1.27937338920437,1.98669223981415
2195,"OT",1.67424720465251,1.34292840021204,2.07184016712012
2195,"EE",1.62708342244833,1.29968377737953,2.0156413204826
2195,"CA",1.54623122438401,1.23268026284455,1.91406816055045
2195,"IA",1.8494269671252,1.48086433177941,2.27667422238533
2195,"AF",2.13577850193633,1.70276509331024,2.65713508795844
2195,"LA",1.84268928395318,1.47417877037218,2.26927814249719
2196,"EU",1.68893100969035,1.35222156869399,2.09235314452635
2196,"US",1.59898739539371,1.27290042825665,1.98546581051048
2196,"OT",1.66894353984665,1.33563041521642,2.06981146677484
2196,"EE",1.62230611021136,1.2929890025275,2.01393489010577
2196,"CA",1.54235623083657,1.22647851840713,1.91368075222301
2196,"IA",1.84216827849203,1.4714605090131,2.27260592463201
2196,"AF",2.12532410127775,1.6901797851125,2.64958920533464
2196,"LA",1.83550578854413,1.46480705550695,2.26528686820599
2197,"EU",1.68341566229936,1.34448610112885,2.08992268157624
2197,"US",1.59447540160694,1.26644941986766,1.98422426812591
2197,"OT",1.66365115992327,1.32837066355123,2.06777530423502
2197,"EE",1.61753398771238,1.28632313054328,2.01203933915156
2197,"CA",1.53847597820801,1.22029317871372,1.91327447154704
2197,"IA",1.83494351384941,1.46211811685956,2.2685492493324
2197,"AF",2.11494063084407,1.6776996106523,2.64205199219705
2197,"LA",1.82835534639071,1.45549575191211,2.26130641381456
2198,"EU",1.67791425237021,1.33678852542073,2.08748568795503
2198,"US",1.58996573104666,1.26001411739491,1.98296779341308
2198,"OT",1.65837013652053,1.32113818176899,2.06573178758864
2198,"EE",1.61276719953795,1.27968610775346,2.01042248693627
2198,"CA",1.53459073613925,1.21412447101794,1.91284950732551
2198,"IA",1.82775247388439,1.45283673367502,2.26450412352253
2198,"AF",2.10462744842148,1.66532355470563,2.63446942300821
2198,"LA",1.82123776860117,1.44624446163749,2.25733671472507
2199,"EU",1.67242681886352,1.32912876444037,2.08504228626993
2199,"US",1.58545856162469,1.25361725679603,1.98169064529127
2199,"OT",1.65310053947711,1.31392234863925,2.06368102387494
2199,"EE",1.6080058875755,1.27307787950351,2.00879248509737
2199,"CA",1.53070077002987,1.20773885960014,1.91240604674145
2199,"IA",1.82059496082597,1.44361594094464,2.26047047492384
2199,"AF",2.09438391880007,1.65286737777633,2.62692098529733
2199,"LA",1.81415286769717,1.43705278944096,2.25337770693786
2200,"EU",1.66695339934824,1.32150673905327,2.0825925977334
2200,"US",1.58095406814815,1.24708413108465,1.98039585719812
2200,"OT",1.64784243685933,1.30674134641372,2.06162311909405
2200,"EE",1.60325019105188,1.26634768461813,2.00714950956126
2200,"CA",1.52680634109624,1.20092131636059,1.9119205656444
2200,"IA",1.81347077842987,1.43445532325669,2.25644823193621
2200,"AF",2.08420941368941,1.64049448614622,2.61940646657041
2200,"LA",1.80710045760023,1.42792034276915,2.24942932704534
2201,"EU",1.66149403002349,1.31392236817133,2.0801367421782
2201,"US",1.57645242236309,1.24060308733491,1.97878863100434
2201,"OT",1.64259589498785,1.29959506819884,2.05955817821667
2201,"EE",1.59850024657134,1.25918072341525,2.00549373444776
2201,"CA",1.52290770642876,1.19547118161303,1.91054337464582
2201,"IA",1.80637973196344,1.42535446827698,2.2524373236309
2201,"AF",2.07410331163509,1.6284901755923,2.61192565583499
2201,"LA",1.80008035361823,1.4188467317383,2.24549151222591
2202,"EU",1.65604874574027,1.30637556880345,2.07767483807223
2202,"US",1.57195379299755,1.23434360723026,1.97740620847692
2202,"OT",1.63736097846411,1.29248340650167,2.05748630519349
2202,"EE",1.59375618815307,1.25217888316651,2.00382533208799
2202,"CA",1.51900511904844,1.18962028822785,1.90879445424201
2202,"IA",1.79932162819082,1.41631296672356,2.24843767974376
2202,"AF",2.0640649979364,1.61682748812328,2.60447834358921
2202,"LA",1.7930923724321,1.40983156911527,2.24156420023798
2203,"EU",1.65061758002267,1.29886625610529,2.07520700253325
2203,"US",1.56745834580402,1.22810964511963,1.97622531724085
2203,"OT",1.6321377501963,1.28540625324861,2.0553615091854
2203,"EE",1.58901814726811,1.24558281749923,2.0021444730421
2203,"CA",1.51509882796264,1.1835379337891,1.90802173424973
2203,"IA",1.79229627535815,1.40733041234161,2.24444923066835
2203,"AF",2.05409386456501,1.60494423962433,2.59705881151711
2203,"LA",1.78613633208269,1.40087447029866,2.23764732941402
2204,"EU",1.64520056508898,1.29139434342808,2.07273335134347
2204,"US",1.5629662436013,1.22181594668718,1.97503190872421
2204,"OT",1.62692627142505,1.27836349980391,2.05309857019806
2204,"EE",1.58428625287588,1.23902785743352,2.00045132611685
2204,"CA",1.51118907822017,1.17747344705436,1.90798458922485
2204,"IA",1.78530348317909,1.39840640187857,2.24047190744922
2204,"AF",2.04418931008474,1.59317767479513,2.58966854021071
2204,"LA",1.77921205195778,1.39203719699196,2.23374083865471
2205,"EU",1.63979773187236,1.28395974236659,2.07025399896389
2205,"US",1.55847764631588,1.2151661598295,1.97376536937924
2205,"OT",1.62172660174869,1.27135503698778,2.05082765288209
2205,"EE",1.57956063146015,1.2325047260351,1.99874605838297
2205,"CA",1.5072761109655,1.17142701366194,1.90794583728957
2205,"IA",1.77834306282043,1.38954053505957,2.23650564177525
2205,"AF",2.0343507395723,1.58149309166534,2.58231105400371
2205,"LA",1.77231935277921,1.38326383741897,2.22984466742312
2206,"EU",1.63440911004128,1.27656236280614,2.06776905854861
2206,"US",1.55399271102266,1.20854207879392,1.9723995564735
2206,"OT",1.61653879914826,1.26438075509425,2.04854889485815
2206,"EE",1.57484140706452,1.22600998592122,1.99702883519239
2206,"CA",1.50336016349241,1.1654040741997,1.90789549374944
2206,"IA",1.77141482688783,1.38073241456294,2.23255036597302
2206,"AF",2.02457756453907,1.57043623116141,2.57474171484878
2206,"LA",1.76545805659016,1.37454745252086,2.22595875573895
2207,"EU",1.62903472801971,1.26920211296882,2.06542780012765
2207,"US",1.54951159198519,1.20194379211401,1.97101410259276
2207,"OT",1.61136292001204,1.25744054390882,2.04626243219196
2207,"EE",1.57012870132747,1.2195435950739,1.99529982019528
2207,"CA",1.49944146929679,1.15940398540577,1.90783006738745
2207,"IA",1.76451858941185,1.3719816459961,2.22860601300029
2207,"AF",2.01486920285384,1.55955713916127,2.56730695754295
2207,"LA",1.75862798674262,1.36588765043776,2.22230378852081
2208,"EU",1.62367461300689,1.26187889945883,2.06309002422011
2208,"US",1.54503444069535,1.19537138388748,1.96951253152481
2208,"OT",1.60619901915988,1.25053429272568,2.04395995092711
2208,"EE",1.56542263351686,1.21310551018539,1.99355917535692
2208,"CA",1.49552025812882,1.15363222507245,1.90727235152354
2208,"IA",1.75765416583397,1.3632878378716,2.22467251643952
2208,"AF",2.00522507866661,1.54849198206545,2.56045566644686
2208,"LA",1.75182896788497,1.3572840422812,2.21865990708436
2209,"EU",1.61832879099703,1.25459262730699,2.06074807870462
2209,"US",1.54056140591247,1.18883114644902,1.967997137179
2209,"OT",1.60104714986713,1.24366189036478,2.04164924831518
2209,"EE",1.56072332056402,1.20669568668455,1.99180706097444
2209,"CA",1.49159675604441,1.14807305260545,1.90644767110343
2209,"IA",1.75082137299295,1.35465060158333,2.22074981049148
2209,"AF",1.99564462233324,1.5375197634358,2.55324716544468
2209,"LA",1.74506082594965,1.34873624210833,2.21502691715358
2210,"EU",1.61299728679854,1.24734320001442,2.05840204023348
2210,"US",1.53609263370197,1.18231794627165,1.96652230769311
2210,"OT",1.59590736388819,1.23674690560281,2.03933118601821
2210,"EE",1.55603087709737,1.20031407876275,1.99004363569331
2210,"CA",1.48767118545597,1.1425323292331,1.90559640775824
2210,"IA",1.74402002911122,1.34606955138307,2.21683782996892
2210,"AF",1.98612727034118,1.52663952042905,2.54607062376328
2210,"LA",1.73832338814111,1.34024386689631,2.21140471558714
2211,"EU",1.6076801240531,1.24013051959545,2.05605155039898
2211,"US",1.53162826747341,1.17591911769118,1.96492560407331
2211,"OT",1.59077971147984,1.2298042437202,2.03700589589294
2211,"EE",1.55134541547556,1.19396548573718,1.98826905652377
2211,"CA",1.4837437651825,1.13701011281785,1.90442253585237
2211,"IA",1.73724995378146,1.33754430435714,2.2129365102903
2211,"AF",1.97667246523604,1.51583736845572,2.53892584289304
2211,"LA",1.73161648292371,1.33180653651699,2.20779320077984
2212,"EU",1.60237732525445,1.23295448661969,2.05369042887503
2212,"US",1.52716844801814,1.16990445980568,1.963369823383
2212,"OT",1.58566424142416,1.22278569663276,2.03462630237522
2212,"EE",1.54666704582015,1.1877398393202,1.98648347885703
2212,"CA",1.47981471049898,1.1315064589319,1.90379158888783
2212,"IA",1.73051096795336,1.3290399226732,2.20904578747357
2212,"AF",1.96727965554917,1.50511504284155,2.53180061822326
2212,"LA",1.72493994000993,1.32342387371187,2.20419227263831
2213,"EU",1.59708891176688,1.22581500025336,2.05132539489622
2213,"US",1.52271331354627,1.16391522655509,1.96180093559076
2213,"OT",1.58056100105119,1.21580115277649,2.03211666863427
2213,"EE",1.54199587604791,1.18166437107334,1.98468705648135
2213,"CA",1.47588423318515,1.12602142089354,1.90294088323171
2213,"IA",1.7238028939205,1.32057840229646,2.20516559813004
2213,"AF",1.95794829572612,1.49448193072052,2.52469384069633
2213,"LA",1.71829359034861,1.31509550406731,2.20060183255711
2214,"EU",1.59181490384347,1.21871195829979,2.04895652349304
2214,"US",1.51826299972333,1.15795137895719,1.96021911517357
2214,"OT",1.57547003626122,1.20885055118288,2.02959944541637
2214,"EE",1.53733201190263,1.17566533668493,1.98287994159791
2214,"CA",1.47195254157361,1.12054541738459,1.90203097117116
2214,"IA",1.71712555530741,1.31217155195141,2.20129587945834
2214,"AF",1.94867784605599,1.48393712087617,2.51761803070987
2214,"LA",1.71167726611332,1.30682105598992,2.19702178339515
2215,"EU",1.58655532064413,1.21164525723928,2.04658388895118
2215,"US",1.51381763970631,1.15201287702637,1.95862453481777
2215,"OT",1.57039139154684,1.20193382889663,2.02707479136636
2215,"EE",1.53267555698648,1.16969454965092,1.98106228483656
2215,"CA",1.4680198405973,1.11473846764874,1.90110394635867
2215,"IA",1.71047877705672,1.30381901025377,2.19743656923835
2215,"AF",1.93946777260173,1.47349350171673,2.51057299960449
2215,"LA",1.70509080069096,1.29860016068231,2.19345202945255
2216,"EU",1.58131018025331,1.20461479226809,2.0442545281094
2216,"US",1.50937736417923,1.1460996797933,1.95701736543677
2216,"OT",1.56532511001463,1.1950509210254,2.02480352809613
2216,"EE",1.52802661279103,1.1637518984047,1.97931670729326
2216,"CA",1.46408633183629,1.10895092918178,1.90016000557773
2216,"IA",1.70386238541657,1.29552041829067,2.1935876058253
2216,"AF",1.93031754713127,1.46314156680089,2.50356259151034
2216,"LA",1.69853402867034,1.29043245211897,2.18989247644785
2217,"EU",1.5760794996975,1.19762045733679,2.04212481651812
2217,"US",1.5049423013883,1.1395946093799,1.95539777618865
2217,"OT",1.56027123340657,1.18820176078849,2.02269752195135
2217,"EE",1.52338527872772,1.15783727159544,1.97759879687311
2217,"CA",1.46015221356399,1.10318292106487,1.89919934373805
2217,"IA",1.69727620792799,1.28727541960296,2.18974892814385
2217,"AF",1.92122664704955,1.45287521603422,2.49719237075971
2217,"LA",1.69200678583102,1.28231756702245,2.18634303149556
2218,"EU",1.57086329496248,1.19066214518786,2.03999353659799
2218,"US",1.50051257717652,1.133612943215,1.95376593449354
2218,"OT",1.55522980212116,1.18138627956478,2.02056619668994
2218,"EE",1.51875165215807,1.15155381053214,1.97587149953863
2218,"CA",1.45621768079277,1.09743455819755,1.89822215389304
2218,"IA",1.69072007341264,1.27908366016761,2.1859204756823
2218,"AF",1.9121945553314,1.44269357805105,2.49077404553689
2218,"LA",1.6855089091322,1.27425514483982,2.18280360308407
2219,"EU",1.56566158101033,1.18373974739258,2.03786071977916
2219,"US",1.49608831501785,1.12766779561741,1.95212200605086
2219,"OT",1.55020085523422,1.17460680764824,2.01819886687947
2219,"EE",1.51412582842331,1.14509937559206,1.97413493892973
2219,"CA",1.45228292531889,1.09170595137313,1.89722862725691
2219,"IA",1.68419381196046,1.27094478838024,2.18231760715063
2219,"AF",1.90322076045528,1.43259579213087,2.48436290728097
2219,"LA",1.67904023670176,1.26624482771922,2.17927410105396
2220,"EU",1.56047437179618,1.17696594687515,2.03565385197307
2220,"US",1.49166963605095,1.12175132400212,1.95046615485637
2220,"OT",1.54518443051946,1.16786327434933,2.01582548208395
2220,"EE",1.50950790087379,1.13894318510583,1.9723892375046
2220,"CA",1.44834813576692,1.08599916983524,1.89620863285023
2220,"IA",1.67769725491767,1.26285845503782,2.17875054065595
2220,"AF",1.89430475633782,1.42258100805272,2.47797718194373
2220,"LA",1.67260060782543,1.25828626048682,2.17575443657662
2221,"EU",1.55530168028477,1.17007246682252,2.03306527729242
2221,"US",1.48725665911239,1.11587340824327,1.9487985432191
2221,"OT",1.54018056446868,1.16115318902266,2.01344615794038
2221,"EE",1.50489796089782,1.13295802180031,1.97063451655057
2221,"CA",1.44441349763349,1.08031561326423,1.89517028314627
2221,"IA",1.67123023487474,1.25482431332147,2.17519397022088
2221,"AF",1.88544604226927,1.41264838595158,2.4716244099204
2221,"LA",1.66618986293605,1.25037909062388,2.17224452213317
2222,"EU",1.55014351846673,1.16319013880774,2.03047249638644
2222,"US",1.48284950076948,1.11002069533066,1.94711933177802
2222,"OT",1.53518929231178,1.15447647527007,2.01106100876867
2222,"EE",1.50029609795025,1.12666194452516,1.96887089619482
2222,"CA",1.44047919333048,1.07465210925068,1.89411608111598
2222,"IA",1.66479258565462,1.24684201877939,2.17164779780285
2222,"AF",1.87664412284964,1.402797096177,2.46530433131819
2222,"LA",1.65980784360297,1.2425229682441,2.16874427149381
2223,"EU",1.54499989737464,1.15644652053762,2.02786644198278
2223,"US",1.47844827535265,1.10419315426163,1.94542867951865
2223,"OT",1.53021064803642,1.14783305510655,2.00867014758583
2223,"EE",1.49570239958057,1.12040170701574,1.96709849541499
2223,"CA",1.43654540222769,1.06900875192459,1.89304621280738
2223,"IA",1.65838414230101,1.23891122930995,2.16811192681564
2223,"AF",1.86789850792581,1.39302631915362,2.45871959253232
2223,"LA",1.6534543925216,1.23471754607118,2.1652535996974
2224,"EU",1.53987082709892,1.15000870485166,2.02525487754371
2224,"US",1.47405309498732,1.098390752775,1.94372674378942
2224,"OT",1.52524466440745,1.14122284900253,2.00627368612
2224,"EE",1.4911169514607,1.11416971963417,1.96531743204974
2224,"CA",1.43261230069484,1.0633856316966,1.89196086248506
2224,"IA",1.65200474106681,1.23103160514488,2.16458626210642
2224,"AF",1.85920871252923,1.38333524524379,2.45210384549019
2224,"LA",1.64712935350299,1.22696247941656,2.16177242303146
2225,"EU",1.53475631680336,1.14360525867269,2.02269800069618
2225,"US",1.46966406962547,1.09261345737599,1.94201368031793
2225,"OT",1.52029137298605,1.13464577592545,2.00387173482441
2225,"EE",1.48653983741233,1.10796596277125,1.96352782280917
2225,"CA",1.42868006214309,1.05778283532605,1.89086021264681
2225,"IA",1.64565421940273,1.2232028088326,2.16107070993302
2225,"AF",1.8505742568146,1.37372307461219,2.44551789952259
2225,"LA",1.64083257146362,1.21925742615749,2.15830065901238
2226,"EU",1.52965637474062,1.13723601406926,2.02029012563865
2226,"US",1.46528130707663,1.08686123336086,1.94028964322703
2226,"OT",1.51535080414862,1.12810175338053,2.00146440289105
2226,"EE",1.48197113943396,1.10196067491653,1.96172978328514
2226,"CA",1.42474885706597,1.05239174547695,1.88974444404008
2226,"IA",1.63933241594593,1.21542450522165,2.15756517794163
2226,"AF",1.84199466599921,1.36418901709231,2.43896155918987
2226,"LA",1.63456389241526,1.21160204671516,2.15483822636609
2227,"EU",1.52457100826734,1.13090080375487,2.01787932632804
2227,"US",1.4609049130386,1.08113404484116,1.9385547850507
2227,"OT",1.5104229871054,1.12159069745082,1.99905179826431
2227,"EE",1.47741093772754,1.09604208274312,1.95992342796153
2227,"CA",1.42081885307977,1.0471381497639,1.88860837419155
2227,"IA",1.6330391705089,1.20769636144432,2.15406957514487
2227,"AF",1.83346947030308,1.35473229205497,2.43251096294717
2227,"LA",1.62832316345492,1.20399600403322,2.15138504500885
2228,"EU",1.51950022385916,1.12459946108777,2.01546566777773
2228,"US",1.45653499112765,1.07543185476758,1.93680925674985
2228,"OT",1.50550794991882,1.11511252283648,1.9966957726826
2228,"EE",1.47285931072471,1.08974643989057,1.9581088702244
2228,"CA",1.41689021496337,1.04190400543324,1.88745195666094
2228,"IA",1.6267743240684,1.20003520112273,2.15058381190015
2228,"AF",1.82499820488981,1.34532737762616,2.42636319835299
2228,"LA",1.62211023275495,1.19643896355634,2.14794103602855
2229,"EU",1.51444402712542,1.11833182007063,2.01304921435097
2229,"US",1.45217164290835,1.06975462495356,1.93505320772792
2229,"OT",1.50060571952163,1.10866714289338,1.99445531266275
2229,"EE",1.46831633511278,1.08356560785165,1.95628622237201
2229,"CA",1.4129631046976,1.03669264376029,1.8862809197063
2229,"IA",1.62053771875452,1.1924790165422,2.14710779988846
2229,"AF",1.81658040980828,1.33583164404379,2.42023950997627
2229,"LA",1.61592494955325,1.18893059320911,2.14450612166612
2230,"EU",1.50940242282378,1.11186816498368,2.0106300297669
2230,"US",1.44781496792301,1.06410231609847,1.93328678584632
2230,"OT",1.49571632173472,1.10225446967094,1.99221061600454
2230,"EE",1.46378208586024,1.07775955948851,1.95445559562484
2230,"CA",1.409037681504,1.03127842223586,1.8848163025707
2230,"IA",1.61432919783991,1.18497180943734,2.1436414520934
2230,"AF",1.80821562993494,1.32641194437151,2.41414140578382
2230,"LA",1.60976716414356,1.18147056337509,2.14108022529741
2231,"EU",1.50437541487448,1.10537262551595,2.00820817710647
2231,"US",1.44346506372069,1.0584748878105,1.9315101374397
2231,"OT",1.49083978128475,1.09587441394928,1.98996175870705
2231,"EE",1.45925663624204,1.07198224836529,1.95261710013542
2231,"CA",1.40511410188312,1.0255440772134,1.88307155614932
2231,"IA",1.60814860572909,1.17751324413168,2.14018468278063
2231,"AF",1.79990341491695,1.31706756131123,2.40807369715825
2231,"LA",1.60363672786584,1.17405854687607,2.13766327141519
2232,"EU",1.49936300637456,1.0989113679889,2.00578371881833
2232,"US",1.43912202588587,1.05287229862917,1.92977167352865
2232,"OT",1.48597612182152,1.08952688527573,1.98770881602639
2232,"EE",1.45474005786442,1.06623186198614,1.95076659798603
2232,"CA",1.40119251965226,1.02040737465146,1.88131109665829
2232,"IA",1.60199578794788,1.17010298747997,2.13673740747757
2232,"AF",1.79164331911596,1.307797785484,2.40203614900534
2232,"LA",1.59753349309686,1.16669421895154,2.13425518561157
2233,"EU",1.49436519961175,1.09248427223127,2.00327650559011
2233,"US",1.43478594806668,1.04729450604755,1.92810843479291
2233,"OT",1.48112536593506,1.08321179200059,1.9854493345414
2233,"EE",1.45023242068947,1.06050832786544,1.94890712720391
2233,"CA",1.39727308598275,1.01535578216082,1.88025572256145
2233,"IA",1.59587059113297,1.1627407088463,2.13329954295351
2233,"AF",1.78343490155263,1.29869773637589,2.39577488660687
2233,"LA",1.59145731324075,1.15937725723836,2.13085589456064
2234,"EU",1.48938199607822,1.08609121737804,2.000691343914
2234,"US",1.43045692200274,1.04175342598567,1.92643592022348
2234,"OT",1.47628753517256,1.07692904131228,1.98318023317163
2234,"EE",1.44573379305935,1.05481157291268,1.94704009313533
2234,"CA",1.3933559494367,1.01032831222619,1.8792107246312
2234,"IA",1.58977286302162,1.15542608008254,2.12987100719996
2234,"AF",1.77527772585183,1.28983313900751,2.38936024616334
2234,"LA",1.58540804271974,1.15210734175062,2.12746532600138
2235,"EU",1.48441339648416,1.07973208189722,1.99810324286637
2235,"US",1.42613503755272,1.03632831591082,1.92475425151768
2235,"OT",1.47146265005495,1.0706785392718,1.98090723982251
2235,"EE",1.44124424172013,1.04914152344828,1.9451656025388
2235,"CA",1.3894412560033,1.00532021270747,1.87815305740144
2235,"IA",1.58370245244142,1.14815877550683,2.12645171941133
2235,"AF",1.76717136018853,1.28103952803765,2.38296800199244
2235,"LA",1.57938553696501,1.14488456585996,2.12408340872087
2236,"EU",1.47945940077109,1.07340674361612,1.99551228398386
2236,"US",1.4218203827214,1.0309275837932,1.92306354921021
2236,"OT",1.46665073009338,1.06446019084656,1.97863042797871
2236,"EE",1.43676383184539,1.04349810521925,1.94328376114001
2236,"CA",1.38552914913456,1.00033148141125,1.87708285861586
2236,"IA",1.57765920930018,1.14093847188246,2.12304159996598
2236,"AF",1.75911537723437,1.27231619454942,2.37659123513747
2236,"LA",1.57338965240761,1.13768691982852,2.12071007253775
2237,"EU",1.47452000812507,1.06711507974716,1.99291854784392
2237,"US",1.41751304368647,1.02555116789649,1.92136393268381
2237,"OT",1.46185179380538,1.05827389994356,1.97634987039665
2237,"EE",1.43229262705944,1.03788124341461,1.94139467364134
2237,"CA",1.38161976978069,0.995172411418541,1.87600026481396
2237,"IA",1.57164298457601,1.13376484839686,2.11964057040747
2237,"AF",1.75110935410492,1.26366243831144,2.37024137970883
2237,"LA",1.56742024646944,1.13053545821382,2.11734524828595
2238,"EU",1.46959521698965,1.0608569669131,1.99032211407528
2238,"US",1.41321310482489,1.01996999430089,1.91965552017979
2238,"OT",1.45706585873081,1.05211956944202,1.97406563911121
2238,"EE",1.4278306894602,1.03229086268054,1.93949844373134
2238,"CA",1.37771325642485,0.989796343880452,1.87489921116543
2238,"IA",1.56565363030739,1.12663758664078,2.1162485534262
2238,"AF",1.74315287230755,1.25507756765662,2.36391827248981
2238,"LA",1.56147717755444,1.12342987323747,2.1139888677987
2239,"EU",1.46468502507869,1.05463228117186,1.98772306136832
2239,"US",1.40892064873895,1.01432899463111,1.91793842880847
2239,"OT",1.45229294144763,1.04599710122528,1.97177780544241
2239,"EE",1.42337807964184,1.02672688713535,1.93759517409402
2239,"CA",1.37380974511763,0.984723523541835,1.87298284829579
2239,"IA",1.55969099958343,1.11955637058778,2.11286547284127
2239,"AF",1.73524551769003,1.24656089936293,2.35762175141242
2239,"LA",1.55556030503975,1.11636985931087,2.1106408638927
2240,"EU",1.45978942938896,1.04844089804077,1.98512146748529
2240,"US",1.40463575628194,1.00892240500136,1.9162127745596
2240,"OT",1.4475330575874,1.03988373028705,1.96948644000203
2240,"EE",1.4189348567171,1.02118924038412,1.93568496641818
2240,"CA",1.36990936951086,0.979804993827482,1.87096295827851
2240,"IA",1.55375494653425,1.11252088657379,2.10949125358269
2240,"AF",1.72738688038967,1.23811175853574,2.35132996386671
2240,"LA",1.54966948926706,1.1093551130181,2.10730117035271
2241,"EU",1.45490842621259,1.04228269252045,1.98251740927046
2241,"US",1.40035850658353,1.00376339659033,1.91447867231252
2241,"OT",1.44278622185057,1.03376217091392,1.96719161270016
2241,"EE",1.41450107833921,1.01567784553327,1.93376792140655
2241,"CA",1.36601226089117,0.974498872595894,1.86892494501762
2241,"IA",1.54784532632135,1.10553082327701,2.10612582167384
2241,"AF",1.71957655478318,1.22972947849202,2.34489024442744
2241,"LA",1.54380459153401,1.10238533309871,2.10396972191621
2242,"EU",1.4500420111493,1.03615753911809,1.97991096266013
2242,"US",1.3960889770747,0.998365923976065,1.91273623584646
2242,"OT",1.43805244802161,1.02767271320117,1.96489339275169
2242,"EE",1.41007680072367,1.01019262520477,1.93176540457848
2242,"CA",1.36211854821292,0.969121422172577,1.86687347163907
2242,"IA",1.54196199512825,1.09858587169791,2.1027691042142
2242,"AF",1.71181413943716,1.22141340064626,2.33847562405265
2242,"LA",1.53796547408568,1.09546022043089,2.10064645425845
2243,"EU",1.44519017911854,1.03006531187039,1.97730220269255
2243,"US",1.39182724351246,0.992786343657947,1.91098557785049
2243,"OT",1.43333174898385,1.02181720804193,1.96259184868273
2243,"EE",1.40566207866959,1.00473350155018,1.92960601504691
2243,"CA",1.35822835813086,0.963766080062811,1.86484309093383
2243,"IA",1.53610481015111,1.09168572513944,2.09942102936237
2243,"AF",1.70409923705913,1.21316287439804,2.33246463404538
2243,"LA",1.53215200010622,1.08857947801466,2.09733130397759
2244,"EU",1.44035292437134,1.02400727760362,1.97469120351773
2244,"US",1.38757338000414,0.987224767291321,1.90922680993359
2244,"OT",1.42862413673418,1.01584555731667,1.96028704833701
2244,"EE",1.40125696558082,0.999300396264514,1.92742847146741
2244,"CA",1.3543418150322,0.958437657861728,1.86349971022374
2244,"IA",1.53027362958953,1.08483007918749,2.0960815263194
2244,"AF",1.69643145444923,1.20497725702128,2.32656024457612
2244,"LA",1.52636403371047,1.08174281095523,2.09402420858025
2245,"EU",1.43553024050209,1.01798645370525,1.97207803840713
2245,"US",1.38332745903139,0.981688887396788,1.90746004263451
2245,"OT",1.42392962239749,1.0099052088367,1.95797905888219
2245,"EE",1.39686151348676,0.993893230599826,1.92515286863787
2245,"CA",1.35045904106836,0.953187288612892,1.86214451821214
2245,"IA",1.52446831263736,1.0780186316915,2.09275052531229
2245,"AF",1.68881040245253,1.19681779896279,2.32069149340511
2245,"LA",1.52060143993583,1.07494992644655,2.09072510646712
2246,"EU",1.43072212046014,1.01199814179623,1.96946277976329
2246,"US",1.37908955147389,0.976189906389988,1.90568538543159
2246,"OT",1.41924821624097,1.00399605896588,1.95567573544691
2246,"EE",1.39247577306292,0.988511925378618,1.92275327707957
2246,"CA",1.34658015618626,0.948267297978061,1.86077765931976
2246,"IA",1.51868871947374,1.07125108274524,2.08942795757785
2246,"AF",1.68123569591192,1.18868759584885,2.31519656384382
2246,"LA",1.51486408473402,1.06820053375496,2.08743393691893
2247,"EU",1.42592855656114,1.00604221365513,1.96684549912927
2247,"US",1.37485972663266,0.970855426984239,1.90390079665377
2247,"OT",1.41457992768815,0.998118003278594,1.95337535658096
2247,"EE",1.38809979365116,0.983156401007034,1.92034685539488
2247,"CA",1.34270527815917,0.943367221964198,1.8596234705829
2247,"IA",1.51293471125411,1.06452713466787,2.08611375534674
2247,"AF",1.67370695362155,1.18062097687352,2.3097291040479
2247,"LA",1.50915183496311,1.061494344203,2.08415064008258
2248,"EU",1.42114954049837,1.00011854072067,1.96422626719809
2248,"US",1.37063805225311,0.965670080780868,1.90210463572648
2248,"OT",1.40992476533275,0.992270936587397,1.95107203079651
2248,"EE",1.38373362327966,0.977826577487857,1.91793374929227
2248,"CA",1.3388345226172,0.9383510260296,1.85889187318813
2248,"IA",1.5072061501014,1.05784649198505,2.08280785182783
2248,"AF",1.66622379828093,1.17261733488458,2.30428888896666
2248,"LA",1.50346455837953,1.05483107115341,2.08087515695745
2249,"EU",1.41638506335376,0.994226994111477,1.96160515382198
2249,"US",1.36642459454777,0.960508656196532,1.90030089576391
2249,"OT",1.40528273695243,0.986454752970032,1.9487599795
2249,"EE",1.37937730868266,0.972522374433292,1.91551410258741
2249,"CA",1.33496800307733,0.933009795711562,1.85815199537017
2249,"IA",1.5015028990973,1.05120886141036,2.07951018119278
2249,"AF",1.6587858564495,1.16428221630501,2.29887569564535
2249,"LA",1.49780212363019,1.04821042999316,2.07760742938207
2250,"EU",1.41163511560888,0.988367444645505,1.95898222802161
2250,"US",1.36221941821872,0.955371092470053,1.89848968279171
2250,"OT",1.40065384952217,0.980674898806208,1.9464386184525
2250,"EE",1.37503089531987,0.967243711077553,1.91308805722658
2250,"CA",1.33110583097306,0.928268177739191,1.85740390396994
2250,"IA",1.4958248222736,1.04461395182684,2.07622067856083
2250,"AF",1.65139275850188,1.15595141779304,2.29348930320516
2250,"LA",1.4921644002447,1.04163213811778,2.07434740002085
2251,"EU",1.40689968715566,0.982539762858993,1.95635755799513
2251,"US",1.35802258647968,0.950257328238674,1.89667110181084
2251,"OT",1.39603810922766,0.974929846405482,1.94411445734744
2251,"EE",1.37069442739567,0.961990506289259,1.91065575330974
2251,"CA",1.32724811568369,0.923546078266173,1.85585731049481
2251,"IA",1.49017178460363,1.0380614742687,2.0729392799839
2251,"AF",1.64404413858358,1.14768472741068,2.28808166376358
2251,"LA",1.48655125862763,1.03509591491567,2.07109501235106
2252,"EU",1.40217876730706,0.976743819025094,1.95373121112721
2252,"US",1.35383416107784,0.945167301553036,1.89484525680708
2252,"OT",1.39143552147834,0.969442492434731,1.94178755864512
2252,"EE",1.36636794787801,0.956655217156013,1.90821732911339
2252,"CA",1.32339496456315,0.918843477382701,1.85429044480299
2252,"IA",1.48454365199386,1.03155114190326,2.06966592243189
2252,"AF",1.63673963456731,1.13948160399891,2.28279999678919
2252,"LA",1.48096257005096,1.02864898499133,2.06785021065014
2253,"EU",1.39747234480749,0.970979483172102,1.9511032539979
2253,"US",1.34965420231541,0.94010094989195,1.89301225076034
2253,"OT",1.38684609092036,0.96406736177312,1.93945798418122
2253,"EE",1.36205149851706,0.951160700255615,1.90577292111311
2253,"CA",1.31954648296854,0.914174739048985,1.85269740759257
2253,"IA",1.47894029127549,1.02508560249744,2.06640054377819
2253,"AF",1.62947888800982,1.13134151144035,2.27750938073625
2253,"LA",1.47539820664644,1.02230845370864,2.06449723926359
2254,"EU",1.39278040784319,0.965366403502925,1.94847375239144
2254,"US",1.34548276907079,0.935058210176931,1.89117218565397
2254,"OT",1.38226982144932,0.958720714169045,1.93712133724879
2254,"EE",1.35774511986363,0.945693400772587,1.90380887375974
2254,"CA",1.31570277428816,0.909526058144758,1.85109096627528
2254,"IA",1.47336157019616,1.01866309793391,2.06314308278547
2254,"AF",1.62226154410928,1.12326717734249,2.27224472191038
2254,"LA",1.46985804139821,1.0160081991891,2.06104782735706
2255,"EU",1.38810294405232,0.959870578899528,1.94584277130498
2255,"US",1.34131991881955,0.930039018786526,1.88932516248393
2255,"OT",1.37770671622281,0.953402412617055,1.93461234507393
2255,"EE",1.3534488512873,0.940253257826474,1.90188821295112
2255,"CA",1.31186393996929,0.904896691609363,1.84947376362939
2255,"IA",1.46780735741185,1.01228185683043,2.05989347909169
2255,"AF",1.61508725166316,1.11525535209748,2.26698285234949
2255,"LA",1.46434194813535,1.00974794356207,2.05760603128069
2256,"EU",1.38343994053506,0.954404639646923,1.94321037495714
2256,"US",1.3371657076551,0.925043311570412,1.88747128126791
2256,"OT",1.37315677767285,0.948112320614023,1.93210062564187
2256,"EE",1.34916273099435,0.934840209212284,1.89996246185448
2256,"CA",1.3080300795455,0.900207093284349,1.84784594807846
2256,"IA",1.4622775224787,1.00593067832429,2.05665167319627
2256,"AF",1.60795566302672,1.10730494972057,2.26138058206095
2256,"LA",1.45884980152463,1.00352741126885,2.0541718183254
2257,"EU",1.37879138386347,0.948835435864931,1.9405766267966
2257,"US",1.33302019030906,0.920071023863295,1.88561064105436
2257,"OT",1.36862000751804,0.942850302159298,1.92958625652226
2257,"EE",1.34488679604539,0.929454191435573,1.89803169541444
2257,"CA",1.30420129066369,0.895515672784059,1.84620766651668
2257,"IA",1.45677193584505,0.999605570334086,2.05341760644658
2257,"AF",1.60086643407188,1.09941545352897,2.25591734894824
2257,"LA",1.45338147706324,0.997259764544779,2.05074515602859
2258,"EU",1.37415726009118,0.9431605442031,1.93807795482441
2258,"US",1.32888342017134,0.915122090498589,1.88348237092797
2258,"OT",1.36409640677566,0.937605916890837,1.92706931437108
2258,"EE",1.34062108237278,0.924095139746891,1.89609598789473
2258,"CA",1.30037766911069,0.890843989134987,1.84455906432409
2258,"IA",1.45129046884351,0.993321058097942,2.05019122102456
2258,"AF",1.59381922414673,1.09158635164381,2.25064390298841
2258,"LA",1.44793685107167,0.991029693582871,2.04732601217185
2259,"EU",1.36953755476308,0.93751711377538,1.93595773602073
2259,"US",1.32475544930999,0.910196445821892,1.88112707386605
2259,"OT",1.3595859757735,0.932100534066785,1.92454987494067
2259,"EE",1.33636562479783,0.918762988175596,1.89406870288802
2259,"CA",1.29655930883954,0.886192024634483,1.84290028538156
2259,"IA",1.44583299368314,0.987076871006978,2.04697245993359
2259,"AF",1.58681369603544,1.08403198054745,2.24537845441503
2259,"LA",1.44251580068662,0.984839379324621,2.04391435477877
2260,"EU",1.36493225292469,0.931905014801359,1.93383803651428
2260,"US",1.3206363284908,0.905294023704255,1.87876520206817
2260,"OT",1.35508871416161,0.926624669652118,1.92202801308955
2260,"EE",1.33212045704774,0.913457669563047,1.89180689580022
2260,"CA",1.29274630199539,0.881559760473811,1.84123147208566
2260,"IA",1.44039938344169,0.980872740377699,2.04376126698556
2260,"AF",1.57984951591875,1.07672220095557,2.23959841254878
2260,"LA",1.43711820385399,0.978688557082646,2.04051015211265
2261,"EU",1.36034133913157,0.92632411716893,1.9317188670519
2261,"US",1.31652610719654,0.900414757555248,1.87639689673862
2261,"OT",1.35060462092378,0.921178211690181,1.91950380279221
2261,"EE",1.32788561177228,0.908179115595189,1.88953994202622
2261,"CA",1.28893873894114,0.87694717675941,1.8395527653634
2261,"IA",1.43498951205792,0.974708399436865,2.04055758678816
2261,"AF",1.57292635333487,1.06947819179012,2.23378733090838
2261,"LA",1.43174393932199,0.972576964073006,2.03711337267438
2262,"EU",1.35576479745843,0.920774290456083,1.92960023830755
2262,"US",1.31242483364601,0.895558580335832,1.87402229724657
2262,"OT",1.346133694389,0.915761047812367,1.91697731714874
2262,"EE",1.32366112056034,0.902927256834529,1.88726794416064
2262,"CA",1.28513670828263,0.872354252533862,1.83786430468682
2262,"IA",1.42960325432405,0.968583583306485,2.03736136473238
2262,"AF",1.56604388114095,1.06228979364943,2.22799891270203
2262,"LA",1.42639288663424,0.966504339399771,2.03372398520018
2263,"EU",1.35120261150827,0.915255403952212,1.92748216088277
2263,"US",1.30833255481285,0.890725424571026,1.87164154114874
2263,"OT",1.34167593224262,0.91037306525796,1.9144486283944
2263,"EE",1.31944701395611,0.897702022751536,1.88499100362598
2263,"CA",1.28134029689352,0.8677817366916,1.83616622808739
2263,"IA",1.42424048587824,0.962498028988947,2.03417254698015
2263,"AF",1.55920177547492,1.05515628489421,2.22223303117334
2263,"LA",1.42106492612302,0.960470424039744,2.03034195865953
2264,"EU",1.34665476442124,0.909767326678962,1.92536464530705
2264,"US",1.30424931644406,0.885915222362389,1.86925476421179
2264,"OT",1.33723133153742,0.905014150893591,1.91191780790904
2264,"EE",1.31524332147518,0.892508078673821,1.88270922068523
2264,"CA",1.27754958993991,0.863230035012644,1.83445867217033
2264,"IA",1.41890108319717,0.956451475352287,2.03099108045224
2264,"AF",1.55239971571792,1.04807715881109,2.21648956040562
2264,"LA",1.41575993890256,0.954474960827314,2.02696726225299
2265,"EU",1.34212123888347,0.904309927410608,1.92324770203825
2265,"US",1.30017516307823,0.881127905400299,1.86686210043449
2265,"OT",1.33279988870453,0.899684191232305,1.90938492622646
2265,"EE",1.31105007162033,0.887340848057078,1.8804226944544
2265,"CA",1.27376467090455,0.858697913645972,1.8328635524695
2265,"IA",1.4135849235887,0.950443663115582,2.02781691281632
2265,"AF",1.54563738445707,1.04105191439176,2.21076837531595
2265,"LA",1.41047780686239,0.948517694439457,2.02359986541007
2266,"EU",1.33760201713577,0.898883074693988,1.92113134146303
2266,"US",1.29611013806361,0.876363404976054,1.86446368206955
2266,"OT",1.32838159956418,0.894383072452242,1.90685005304363
2266,"EE",1.30686729189713,0.882199986938555,1.87813152291488
2266,"CA",1.26998562161077,0.854185347420303,1.83129523014292
2266,"IA",1.40829188518463,0.944474334834474,2.02460915486015
2266,"AF",1.53891446744883,1.0340800562588,2.20506056314574
2266,"LA",1.40521841266077,0.942598371380881,2.02023469394985
2267,"EU",1.33309708098212,0.893486636867994,1.91901557389723
2267,"US",1.29205428357589,0.871621651993782,1.86205963964524
2267,"OT",1.32397645933629,0.889110680414951,1.90431325722987
2267,"EE",1.30269500882936,0.877085420466966,1.87588297427506
2267,"CA",1.26621252224605,0.849692310206286,1.82971797686055
2267,"IA",1.40302184693346,0.938543234886827,2.02121662398781
2267,"AF",1.53223065358269,1.02716109459249,2.1993636886198
2267,"LA",1.39998163971819,0.936716739969302,2.01687666406148
2268,"EU",1.32860641179813,0.888142287444355,1.91690040958629
2268,"US",1.28800764063572,0.866902576982162,1.85966275457582
2268,"OT",1.31958446265092,0.883866900683335,1.90177460683586
2268,"EE",1.29853324797412,0.871997072861899,1.87380570312095
2268,"CA",1.26244545138531,0.845218774935613,1.82813190933302
2268,"IA",1.39777468859335,0.9327453201407,2.01783166363834
2268,"AF",1.52558563484539,1.02013375569067,2.19423148318057
2268,"LA",1.39476737221095,0.930872550320864,2.01352585340019
2269,"EU",1.32412999053935,0.882859575160477,1.91478585870562
2269,"US",1.28397024912601,0.862155004973756,1.85767560174074
2269,"OT",1.3152056035586,0.878651618539228,1.89923416910259
2269,"EE",1.29438203393687,0.866934867441522,1.87172416053139
2269,"CA",1.25868448601391,0.840764713619862,1.82653714315652
2269,"IA",1.39255029072503,0.927001287602772,2.014454240817
2269,"AF",1.51897910628554,1.01306665483249,2.18926877844626
2269,"LA",1.38957549506479,0.925065554335688,2.01018223264862
2270,"EU",1.31966779774942,0.877606294597616,1.91244605571478
2270,"US",1.27994214780903,0.85718909790764,1.85582732829772
2270,"OT",1.31083987554045,0.873466120227585,1.89669201047023
2270,"EE",1.29024139038617,0.861898726649781,1.86963842059078
2270,"CA",1.25492970155027,0.836330097369063,1.82493379282292
2270,"IA",1.3873485346849,0.921293642629762,2.01108432277867
2270,"AF",1.51241076597871,1.00605312055479,2.18432892608317
2270,"LA",1.38440589394857,0.919295505683565,2.00684577269832
2271,"EU",1.31521981356817,0.872382314272095,1.9099762285042
2271,"US",1.27592337434323,0.852248030925646,1.85397383352169
2271,"OT",1.30648727151819,0.868313405900356,1.89414819658685
2271,"EE",1.28611134006822,0.856888572083081,1.8675485566613
2271,"CA",1.25118117186827,0.831914896409995,1.82332197172995
2271,"IA",1.38216930261807,0.915561336353259,2.00772187702557
2271,"AF",1.50588031499289,0.999174192242235,2.17941174579167
2271,"LA",1.37925845526808,0.913562159789772,2.003516444648
2272,"EU",1.31078601773954,0.8671875027212,1.9075058655952
2272,"US",1.27191396529983,0.847331743699102,1.85211519271999
2272,"OT",1.30214778386405,0.863188797945684,1.8916027923171
2272,"EE",1.28199190482124,0.85184552437842,1.86545464138945
2272,"CA",1.24743896931928,0.827513637648613,1.82170179219117
2272,"IA",1.37701247745164,0.909837713315901,2.00436687130503
2272,"AF",1.49938745735443,0.992490554665408,2.17415472009657
2272,"LA",1.37413306615981,0.907865273821025,2.00019421980173
2273,"EU",1.30636638961942,0.862021728515488,1.90503500689493
2273,"US",1.26791395617923,0.842440174795332,1.85025148051737
2273,"OT",1.29782140441049,0.858092180445845,1.88905586175079
2273,"EE",1.27788310558965,0.846824711711332,1.86334831068008
2273,"CA",1.24370316475393,0.822808401962321,1.82007336544594
2273,"IA",1.37187794288789,0.904150666765939,2.0010192736072
2273,"AF",1.4929319000144,0.985857217999382,2.16844831755691
2273,"LA",1.36902961448491,0.902204606671561,1.99687906966718
2274,"EU",1.30196090818336,0.856884860270831,1.90256369189739
2274,"US",1.26392338142715,0.837573261707832,1.84838277086181
2274,"OT",1.29350812445976,0.853023437300274,1.88650746821132
2274,"EE",1.27378496243802,0.841830346423625,1.86123656129824
2274,"CA",1.23997382754361,0.818156597865134,1.81843680166922
2274,"IA",1.36676558339763,0.898499952525687,1.99767905216286
2274,"AF",1.48651335281532,0.979273729410214,2.16276255988402
2274,"LA",1.3639479888231,0.896579918949352,1.99357096595385
2275,"EU",1.29756955203419,0.851776766660192,1.90009195968726
2275,"US",1.25994227445059,0.832730940885904,1.84650913703034
2275,"OT",1.28920793479339,0.847982452240733,1.88395767426409
2275,"EE",1.26969749456485,0.836862345543683,1.85912097403374
2275,"CA",1.23625102560166,0.813919544806756,1.81679220998134
2275,"IA",1.36167528421365,0.892885328181573,1.99434617544123
2275,"AF",1.48013152845831,0.972739641017709,2.15709734501401
2275,"LA",1.35888807846672,0.890990972962436,1.99026988057136
2276,"EU",1.29319229940951,0.84669731642514,1.89761984894359
2276,"US",1.25597066763353,0.827913147763732,1.84431721036499
2276,"OT",1.28492082568151,0.842969108846166,1.88140654172481
2276,"EE",1.26562072031619,0.831920625229796,1.85700161952807
2276,"CA",1.23253482540422,0.809403842725252,1.81513969845765
2276,"IA",1.35660693132413,0.887306553069747,1.99102061214775
2276,"AF",1.47378614247071,0.966250316414623,2.15145257148653
2276,"LA",1.35384977341479,0.88543753270539,1.98697578562769
2277,"EU",1.28882912818906,0.841646378387102,1.89514739794363
2277,"US",1.25200859235248,0.823119816788929,1.84209434828648
2277,"OT",1.28064678689204,0.837983290557252,1.87885413166764
2277,"EE",1.261554657199,0.827005100799127,1.85487856772449
2277,"CA",1.22882529201093,0.80469572784767,1.81347937413809
2277,"IA",1.3515604114662,0.881763388261827,1.98770233122199
2277,"AF",1.46747691317396,0.959647389002733,2.14621691469424
2277,"LA",1.34883296436719,0.879919363845911,1.98368865342754
2278,"EU",1.28448001590203,0.836623821458368,1.89267464456646
2278,"US",1.24805607899172,0.818350881450548,1.83986672803505
2278,"OT",1.27638580769974,0.83302488069064,1.87630050443337
2278,"EE",1.25749932189439,0.822115686756109,1.8527518878745
2278,"CA",1.22512248908524,0.800192498135457,1.81180728122183
2278,"IA",1.34653561211958,0.876255596550774,1.98439130183546
2278,"AF",1.46120356165202,0.953094043515756,2.14118396831581
2278,"LA",1.34383754271882,0.874436233711532,1.98040845647057
2279,"EU",1.28014493973419,0.831629514652843,1.89020162629669
2279,"US",1.24411315695847,0.813606274306581,1.83763444673677
2279,"OT",1.27213787689514,0.828093762452906,1.87374571963739
2279,"EE",1.25345473027069,0.817252296820258,1.85062164854419
2279,"CA",1.22142647891449,0.795957383236172,1.81012469946173
2279,"IA",1.34153242150023,0.870782942436903,1.98108329678047
2279,"AF",1.45496581172009,0.946589854019048,2.13615857702541
2279,"LA",1.33886340055388,0.868987911276457,1.97713516744978
2280,"EU",1.27582387653498,0.826663327096555,1.88772838022807
2280,"US",1.24017985469769,0.80888592701094,1.83539760040619
2280,"OT",1.26790298279336,0.823258683388627,1.87118983617766
2280,"EE",1.24942089739624,0.812414843953436,1.84848791762058
2280,"CA",1.21773732242976,0.791741275268441,1.80843462303727
2280,"IA",1.33655072855408,0.865345192114027,1.97778126410914
2280,"AF",1.44876338989373,0.940145255881195,2.13115425739115
2280,"LA",1.33391043064021,0.863574167148514,1.97386875924982
2281,"EU",1.2715168028245,0.821725128037928,1.88525494306713
2281,"US",1.23625619970683,0.804190107919987,1.83315628395835
2281,"OT",1.2636811132428,0.818518664376538,1.86863291224257
2281,"EE",1.24539783755215,0.807603240386559,1.84635076231794
2281,"CA",1.21405507922534,0.787544134384431,1.80673715545704
2281,"IA",1.3315904229509,0.859942113455729,1.97448640678211
2281,"AF",1.44259602535837,0.933751261831012,2.12644571065787
2281,"LA",1.32897852642366,0.858194773556231,1.97060920494535
2282,"EU",1.26722369480031,0.816814786857809,1.88278135113672
2282,"US",1.23234221855031,0.799523035274287,1.83091059122064
2282,"OT",1.25947225563364,0.813606502121107,1.86607500531867
2282,"EE",1.24138556424475,0.80281739764577,1.84421024918395
2282,"CA",1.21037980757809,0.783365920102024,1.80503239923087
2282,"IA",1.32665139507808,0.854573476001764,1.97119869516188
2282,"AF",1.43646344993918,0.927405034517134,2.12186913464256
2282,"LA",1.32406758202252,0.852849504336026,1.96735647779941
2283,"EU",1.26294452834423,0.811932173079274,1.88030764037955
2283,"US",1.22843793687376,0.794879969642096,1.82879068466792
2283,"OT",1.25527639690634,0.808721873106377,1.86351617219837
2283,"EE",1.23738409021795,0.798291595337786,1.8420664441059
2283,"CA",1.20671156446643,0.779104050753104,1.80332045587903
2283,"IA",1.32173353603465,0.84923905094459,1.96791809982388
2283,"AF",1.43036539807131,0.921464826421985,2.11731322296855
2283,"LA",1.31917749222203,0.847538134919521,1.96411055126183
2284,"EU",1.258679279029,0.807077156377201,1.87783384636171
2284,"US",1.22454337941815,0.790238420551879,1.82677400644056
2284,"OT",1.25109352355992,0.803864657914397,1.86095646898758
2284,"EE",1.23339342746541,0.793819431275204,1.83976785959862
2284,"CA",1.2030504055891,0.774697257342639,1.80160111715446
2284,"IA",1.31683673762525,0.843938611116022,1.96464459155465
2284,"AF",1.42430160677051,0.915647620425199,2.1127778067435
2284,"LA",1.3143081524689,0.842260442320964,1.9608713989676
2285,"EU",1.25442792212485,0.802249606587616,1.87536000427613
2285,"US",1.22065857003371,0.785580876424716,1.82475307505622
2285,"OT",1.24692362166015,0.799045184278384,1.85839595111315
2285,"EE",1.22941358724252,0.78937020267965,1.83734375794187
2285,"CA",1.19939638538373,0.770321497580123,1.79986860494606
2285,"IA",1.31196089235419,0.838671930974015,1.96137814135
2285,"AF",1.41827181560407,0.909872272646595,2.10772872465229
2285,"LA",1.30945945886596,0.837016205124769,1.95763899473527
2286,"EU",1.25019043260594,0.797449393716829,1.87287974904654
2286,"US",1.21678353169358,0.780947866231709,1.8227279635591
2286,"OT",1.24276667684764,0.794295302117915,1.85583467333039
2286,"EE",1.22544458007827,0.784772300556508,1.83491683577319
2286,"CA",1.19574955704507,0.765972441243392,1.79812922002588
2286,"IA",1.30710589341957,0.833438786589564,1.95811872041324
2286,"AF",1.41227576666216,0.904046051192182,2.10242355790289
2286,"LA",1.3046313081668,0.831805203473172,1.95441331256544
2287,"EU",1.24596678515675,0.792676387950346,1.87039659480252
2287,"US",1.21291828650741,0.776339312969115,1.82069874428182
2287,"OT",1.23862267434579,0.789571836369378,1.85327268973035
2287,"EE",1.22148641578687,0.780159962859732,1.83248717468216
2287,"CA",1.19210997254301,0.761644265618035,1.796012513305
2287,"IA",1.30227163470749,0.828238955633736,1.95486630015338
2287,"AF",1.40631320452949,0.898072807809414,2.09713790376412
2287,"LA",1.2998235977705,0.826627219053993,1.95119432663913
2288,"EU",1.24175695417838,0.787930459661574,1.86791347424886
2288,"US",1.20906285573463,0.771755138827253,1.81866524350786
2288,"OT",1.23449159896866,0.784874669830784,1.85071005374716
2288,"EE",1.2175391034793,0.775572239555812,1.83005485525375
2288,"CA",1.18847768264041,0.757336930046306,1.79373275512698
2288,"IA",1.29745801078626,0.823072217364809,1.95162085218332
2288,"AF",1.40038387625734,0.892143552969055,2.091939324359
2288,"LA",1.29503622571635,0.821482035088515,1.94798201131627
2289,"EU",1.23756091379469,0.78321147942031,1.86543042178816
2289,"US",1.20521725979766,0.76719526521735,1.81661745129995
2289,"OT",1.23037343512868,0.780203685301255,1.84820783380721
2289,"EE",1.21360265157466,0.771009040950318,1.82761995707986
2289,"CA",1.18485273691063,0.75315863627031,1.79144246234472
2289,"IA",1.29266491690075,0.817938352615548,1.94838234831814
2289,"AF",1.39448753133586,0.886257901920016,2.08713967327692
2289,"LA",1.29026909067875,0.816369436319469,1.94477634113418
2290,"EU",1.23337863785843,0.77852066448343,1.86294747145886
2290,"US",1.20138151829486,0.76265961279785,1.81456577316768
2290,"OT",1.2262681668443,0.775558765592383,1.8462236172128
2290,"EE",1.20967706781134,0.766470276908947,1.82518255877066
2290,"CA",1.18123518375484,0.749395805409946,1.78914402861232
2290,"IA",1.28789224896672,0.812837143780584,1.94515076057336
2290,"AF",1.38862392166683,0.880415474010375,2.08235971557068
2290,"LA",1.28552209196202,0.811289208999129,1.94157729080604
2291,"EU",1.22921009995723,0.773858027655013,1.86046465693864
2291,"US",1.19755565001337,0.75814810150019,1.81251027934503
2291,"OT",1.22217577774748,0.770939793539342,1.84423967250308
2291,"EE",1.20576235925808,0.761955856876034,1.82274273796587
2291,"CA",1.1776250704191,0.745650060536296,1.7868401562318
2291,"IA",1.28313990356527,0.807768374803915,1.94192606116319
2291,"AF",1.38279280153665,0.874615892636249,2.07759931721002
2291,"LA",1.28079512949535,0.806241140877512,1.93838483521937
2292,"EU",1.22505527341951,0.769221920336859,1.85798201154771
2292,"US",1.19373967294169,0.753660650554065,1.81045103937293
2292,"OT",1.21809625109111,0.766346652011756,1.84225601100486
2292,"EE",1.20185853232483,0.757465689892692,1.82030057134584
2292,"CA",1.17402244301121,0.7419213414337,1.78453096932895
2292,"IA",1.27840777793728,0.80273183116653,1.9387082224988
2292,"AF",1.37699392758968,0.868858785191356,2.07334827862463
2292,"LA",1.27608810382781,0.801225021190693,1.93519894943458
2293,"EU",1.22091413132035,0.764612214062664,1.85549956825217
2293,"US",1.18993360428216,0.749197178512175,1.80838812210566
2293,"OT",1.21402956975631,0.761779223924322,1.84027264397062
2293,"EE",1.19796559277354,0.752999684614599,1.81833459814697
2293,"CA",1.17042734651738,0.738209587901704,1.78221659040941
2293,"IA",1.273695769978,0.797727299874133,1.9354972171867
2293,"AF",1.37122705880191,0.863143783017273,2.06915598564867
2293,"LA",1.27140091612332,0.79624064064921,1.93201960868344
2294,"EU",1.21678664648716,0.760028780606822,1.85301646890332
2294,"US",1.18613746046326,0.744757603274477,1.80632159571722
2294,"OT",1.20997571625963,0.757237392247208,1.83828958257896
2294,"EE",1.19408354572871,0.748557749329426,1.81653291445468
2294,"CA",1.16683982481857,0.734514739757985,1.77989714037872
2294,"IA",1.26900377823159,0.792754569444996,1.932293018027
2294,"AF",1.36549195645499,0.857470521354375,2.06498238954835
2294,"LA",1.26673346815574,0.79128779142659,1.92884678836769
2295,"EU",1.2126727915054,0.75547149199158,1.85053121455339
2295,"US",1.18235125715168,0.740341842111942,1.80425152770758
2295,"OT",1.20593467276013,0.752721040016204,1.836306837935
2295,"EE",1.19021239568783,0.744139791973923,1.81472916497235
2295,"CA",1.16325992070674,0.730836736841225,1.77757273856213
2295,"IA",1.26433170188582,0.787813429897911,1.92909559801175
2295,"AF",1.35978838411051,0.851838639293437,2.0608273278432
2295,"LA",1.26208566230406,0.786366267147966,1.92568046405751
2296,"EU",1.20857253872413,0.750940220494014,1.84804626351992
2296,"US",1.17857500926434,0.735949811689832,1.80217798490892
2296,"OT",1.2019064210664,0.748230050342658,1.83432442107075
2296,"EE",1.18635214653169,0.739745720150668,1.81292338160396
2296,"CA",1.15968767590076,0.726936672062613,1.77543137394103
2296,"IA",1.25967944076674,0.782903672740263,1.92590493032331
2296,"AF",1.35411610758461,0.846247779727907,2.05669063974242
2296,"LA",1.2574574015475,0.781475862878802,1.92252061149012
2297,"EU",1.20448586026149,0.746434838652824,1.84556164757856
2297,"US",1.17480873098012,0.731581428090504,1.80010103349181
2297,"OT",1.19789094264341,0.743764306423179,1.83234234294559
2297,"EE",1.18250280153455,0.735375441144471,1.81095995255245
2297,"CA",1.15612313106223,0.723040311589067,1.77347226360352
2297,"IA",1.25504689533345,0.778025090956204,1.92272098833273
2297,"AF",1.34847489492293,0.840697589306826,2.05257216612679
2297,"LA",1.25284858946075,0.776616375113715,1.91936720656839
2298,"EU",1.20041272801012,0.741955219274958,1.84307739816291
2298,"US",1.17105243575153,0.727236606835744,1.79802073897128
2298,"OT",1.19388821861932,0.739323691549128,1.83036061444663
2298,"EE",1.17866436337413,0.731028861938457,1.80858200013931
2298,"CA",1.15256632581094,0.719162111926233,1.77150757424074
2298,"IA",1.25043396667289,0.773177478994943,1.91954374559808
2298,"AF",1.34286451637584,0.835187718388384,2.0484717495308
2298,"LA",1.24825913020929,0.771787601765403,1.91622022535936
2299,"EU",1.19635311364248,0.737501235442072,1.84059354636767
2299,"US",1.16730613631615,0.723107652846574,1.79582294059506
2299,"OT",1.18989822979218,0.734908089115884,1.82837924638912
2299,"EE",1.17483683414149,0.72670605999006,1.80620083289562
2299,"CA",1.14901729874031,0.7153020240518,1.76953740089302
2299,"IA",1.24584055649475,0.768360632759141,1.91637317586289
2299,"AF",1.33728474437394,0.829717820994122,2.04438923412497
2299,"LA",1.24368892854465,0.766989342153664,1.91307964409289
2300,"EU",1.19230698861611,0.733072760516814,1.83811012295187
2300,"US",1.16356984470794,0.719067406272192,1.79344712719584
2300,"OT",1.18592095663652,0.730517382631905,1.82639824951686
2300,"EE",1.1710202153508,0.722415856586586,1.8038092947773
2300,"CA",1.14547608743242,0.711459998539186,1.76756183759748
2300,"IA",1.24126656712634,0.763574349593406,1.91320925305454
2300,"AF",1.33173535350393,0.824287554763745,2.04032446569832
2300,"LA",1.23913788979981,0.762221396994519,1.90994543916025
