years,rcp26,rcp45,rcp60,rcp85
1765,278.05158,278.05158,278.05158,278.05158
1766,278.10615,278.10615,278.10615,278.10615
1767,278.22039,278.22039,278.22039,278.22039
1768,278.34305,278.34305,278.34305,278.34305
1769,278.47058,278.47058,278.47058,278.47058
1770,278.60047,278.60047,278.60047,278.60047
1771,278.73275,278.73275,278.73275,278.73275
1772,278.86881,278.86881,278.86881,278.86881
1773,279.00907,279.00907,279.00907,279.00907
1774,279.15318,279.15318,279.15318,279.15318
1775,279.3018,279.3018,279.3018,279.3018
1776,279.4568,279.4568,279.4568,279.4568
1777,279.61808,279.61808,279.61808,279.61808
1778,279.78192,279.78192,279.78192,279.78192
1779,279.9432,279.9432,279.9432,279.9432
1780,280.0974,280.0974,280.0974,280.0974
1781,280.2428,280.2428,280.2428,280.2428
1782,280.38168,280.38168,280.38168,280.38168
1783,280.51832,280.51832,280.51832,280.51832
1784,280.6572,280.6572,280.6572,280.6572
1785,280.8026,280.8026,280.8026,280.8026
1786,280.9568,280.9568,280.9568,280.9568
1787,281.11808,281.11808,281.11808,281.11808
1788,281.28192,281.28192,281.28192,281.28192
1789,281.4432,281.4432,281.4432,281.4432
1790,281.5982,281.5982,281.5982,281.5982
1791,281.74682,281.74682,281.74682,281.74682
1792,281.89093,281.89093,281.89093,281.89093
1793,282.03119,282.03119,282.03119,282.03119
1794,282.16725,282.16725,282.16725,282.16725
1795,282.29901,282.29901,282.29901,282.29901
1796,282.4268,282.4268,282.4268,282.4268
1797,282.55093,282.55093,282.55093,282.55093
1798,282.67123,282.67123,282.67123,282.67123
1799,282.7873,282.7873,282.7873,282.7873
1800,282.89901,282.89901,282.89901,282.89901
1801,283.00677,283.00677,283.00677,283.00677
1802,283.11093,283.11093,283.11093,283.11093
1803,283.21129,283.21129,283.21129,283.21129
1804,283.30737,283.30737,283.30737,283.30737
1805,283.39963,283.39963,283.39963,283.39963
1806,283.48978,283.48978,283.48978,283.48978
1807,283.57796,283.57796,283.57796,283.57796
1808,283.66116,283.66116,283.66116,283.66116
1809,283.73511,283.73511,283.73511,283.73511
1810,283.79676,283.79676,283.79676,283.79676
1811,283.84667,283.84667,283.84667,283.84667
1812,283.88853,283.88853,283.88853,283.88853
1813,283.92613,283.92613,283.92613,283.92613
1814,283.96267,283.96267,283.96267,283.96267
1815,284.00107,284.00107,284.00107,284.00107
1816,284.04267,284.04267,284.04267,284.04267
1817,284.08613,284.08613,284.08613,284.08613
1818,284.12853,284.12853,284.12853,284.12853
1819,284.16667,284.16667,284.16667,284.16667
1820,284.1982,284.1982,284.1982,284.1982
1821,284.22333,284.22333,284.22333,284.22333
1822,284.24427,284.24427,284.24427,284.24427
1823,284.26307,284.26307,284.26307,284.26307
1824,284.28133,284.28133,284.28133,284.28133
1825,284.30027,284.30027,284.30027,284.30027
1826,284.32,284.32,284.32,284.32
1827,284.34,284.34,284.34,284.34
1828,284.36,284.36,284.36,284.36
1829,284.38,284.38,284.38,284.38
1830,284.4,284.4,284.4,284.4
1831,284.385,284.385,284.385,284.385
1832,284.28,284.28,284.28,284.28
1833,284.125,284.125,284.125,284.125
1834,283.975,283.975,283.975,283.975
1835,283.825,283.825,283.825,283.825
1836,283.675,283.675,283.675,283.675
1837,283.525,283.525,283.525,283.525
1838,283.425,283.425,283.425,283.425
1839,283.4,283.4,283.4,283.4
1840,283.4,283.4,283.4,283.4
1841,283.425,283.425,283.425,283.425
1842,283.5,283.5,283.5,283.5
1843,283.6,283.6,283.6,283.6
1844,283.725,283.725,283.725,283.725
1845,283.9,283.9,283.9,283.9
1846,284.075,284.075,284.075,284.075
1847,284.225,284.225,284.225,284.225
1848,284.4,284.4,284.4,284.4
1849,284.575,284.575,284.575,284.575
1850,284.725,284.725,284.725,284.725
1851,284.875,284.875,284.875,284.875
1852,285,285,285,285
1853,285.125,285.125,285.125,285.125
1854,285.275,285.275,285.275,285.275
1855,285.425,285.425,285.425,285.425
1856,285.575,285.575,285.575,285.575
1857,285.725,285.725,285.725,285.725
1858,285.9,285.9,285.9,285.9
1859,286.075,286.075,286.075,286.075
1860,286.225,286.225,286.225,286.225
1861,286.375,286.375,286.375,286.375
1862,286.5,286.5,286.5,286.5
1863,286.625,286.625,286.625,286.625
1864,286.775,286.775,286.775,286.775
1865,286.9,286.9,286.9,286.9
1866,287,287,287,287
1867,287.1,287.1,287.1,287.1
1868,287.225,287.225,287.225,287.225
1869,287.375,287.375,287.375,287.375
1870,287.525,287.525,287.525,287.525
1871,287.7,287.7,287.7,287.7
1872,287.9,287.9,287.9,287.9
1873,288.125,288.125,288.125,288.125
1874,288.4,288.4,288.4,288.4
1875,288.7,288.7,288.7,288.7
1876,289.025,289.025,289.025,289.025
1877,289.4,289.4,289.4,289.4
1878,289.8,289.8,289.8,289.8
1879,290.225,290.225,290.225,290.225
1880,290.7,290.7,290.7,290.7
1881,291.2,291.2,291.2,291.2
1882,291.675,291.675,291.675,291.675
1883,292.125,292.125,292.125,292.125
1884,292.575,292.575,292.575,292.575
1885,292.975,292.975,292.975,292.975
1886,293.3,293.3,293.3,293.3
1887,293.575,293.575,293.575,293.575
1888,293.8,293.8,293.8,293.8
1889,294,294,294,294
1890,294.175,294.175,294.175,294.175
1891,294.325,294.325,294.325,294.325
1892,294.475,294.475,294.475,294.475
1893,294.6,294.6,294.6,294.6
1894,294.7,294.7,294.7,294.7
1895,294.8,294.8,294.8,294.8
1896,294.9,294.9,294.9,294.9
1897,295.025,295.025,295.025,295.025
1898,295.225,295.225,295.225,295.225
1899,295.5,295.5,295.5,295.5
1900,295.8,295.8,295.8,295.8
1901,296.125,296.125,296.125,296.125
1902,296.475,296.475,296.475,296.475
1903,296.825,296.825,296.825,296.825
1904,297.2,297.2,297.2,297.2
1905,297.625,297.625,297.625,297.625
1906,298.075,298.075,298.075,298.075
1907,298.5,298.5,298.5,298.5
1908,298.9,298.9,298.9,298.9
1909,299.3,299.3,299.3,299.3
1910,299.7,299.7,299.7,299.7
1911,300.075,300.075,300.075,300.075
1912,300.425,300.425,300.425,300.425
1913,300.775,300.775,300.775,300.775
1914,301.1,301.1,301.1,301.1
1915,301.4,301.4,301.4,301.4
1916,301.725,301.725,301.725,301.725
1917,302.075,302.075,302.075,302.075
1918,302.4,302.4,302.4,302.4
1919,302.7,302.7,302.7,302.7
1920,303.025,303.025,303.025,303.025
1921,303.4,303.4,303.4,303.4
1922,303.775,303.775,303.775,303.775
1923,304.125,304.125,304.125,304.125
1924,304.525,304.525,304.525,304.525
1925,304.975,304.975,304.975,304.975
1926,305.4,305.4,305.4,305.4
1927,305.825,305.825,305.825,305.825
1928,306.3,306.3,306.3,306.3
1929,306.775,306.775,306.775,306.775
1930,307.225,307.225,307.225,307.225
1931,307.7,307.7,307.7,307.7
1932,308.175,308.175,308.175,308.175
1933,308.6,308.6,308.6,308.6
1934,309,309,309,309
1935,309.4,309.4,309.4,309.4
1936,309.75,309.75,309.75,309.75
1937,310,310,310,310
1938,310.175,310.175,310.175,310.175
1939,310.3,310.3,310.3,310.3
1940,310.375,310.375,310.375,310.375
1941,310.375,310.375,310.375,310.375
1942,310.3,310.3,310.3,310.3
1943,310.2,310.2,310.2,310.2
1944,310.125,310.125,310.125,310.125
1945,310.1,310.1,310.1,310.1
1946,310.125,310.125,310.125,310.125
1947,310.2,310.2,310.2,310.2
1948,310.325,310.325,310.325,310.325
1949,310.5,310.5,310.5,310.5
1950,310.75,310.75,310.75,310.75
1951,311.1,311.1,311.1,311.1
1952,311.5,311.5,311.5,311.5
1953,311.925,311.925,311.925,311.925
1954,312.425,312.425,312.425,312.425
1955,313,313,313,313
1956,313.6,313.6,313.6,313.6
1957,314.225,314.225,314.225,314.225
1958,314.8475,314.8475,314.8475,314.8475
1959,315.5,315.5,315.5,315.5
1960,316.2725,316.2725,316.2725,316.2725
1961,317.075,317.075,317.075,317.075
1962,317.795,317.795,317.795,317.795
1963,318.3975,318.3975,318.3975,318.3975
1964,318.925,318.925,318.925,318.925
1965,319.6475,319.6475,319.6475,319.6475
1966,320.6475,320.6475,320.6475,320.6475
1967,321.605,321.605,321.605,321.605
1968,322.635,322.635,322.635,322.635
1969,323.9025,323.9025,323.9025,323.9025
1970,324.985,324.985,324.985,324.985
1971,325.855,325.855,325.855,325.855
1972,327.14,327.14,327.14,327.14
1973,328.6775,328.6775,328.6775,328.6775
1974,329.7425,329.7425,329.7425,329.7425
1975,330.585,330.585,330.585,330.585
1976,331.7475,331.7475,331.7475,331.7475
1977,333.2725,333.2725,333.2725,333.2725
1978,334.8475,334.8475,334.8475,334.8475
1979,336.525,336.525,336.525,336.525
1980,338.36,338.36,338.36,338.36
1981,339.7275,339.7275,339.7275,339.7275
1982,340.7925,340.7925,340.7925,340.7925
1983,342.1975,342.1975,342.1975,342.1975
1984,343.7825,343.7825,343.7825,343.7825
1985,345.2825,345.2825,345.2825,345.2825
1986,346.7975,346.7975,346.7975,346.7975
1987,348.645,348.645,348.645,348.645
1988,350.7375,350.7375,350.7375,350.7375
1989,352.4875,352.4875,352.4875,352.4875
1990,353.855,353.855,353.855,353.855
1991,355.0175,355.0175,355.0175,355.0175
1992,355.885,355.885,355.885,355.885
1993,356.7775,356.7775,356.7775,356.7775
1994,358.1275,358.1275,358.1275,358.1275
1995,359.8375,359.8375,359.8375,359.8375
1996,361.4625,361.4625,361.4625,361.4625
1997,363.155,363.155,363.155,363.155
1998,365.3225,365.3225,365.3225,365.3225
1999,367.3475,367.3475,367.3475,367.3475
2000,368.865,368.865,368.865,368.865
2001,370.4675,370.4675,370.4675,370.4675
2002,372.5225,372.5225,372.5225,372.5225
2003,374.76,374.76,374.76,374.76
2004,376.8125,376.8125,376.8125,376.8125
2005,378.8125,378.8125,378.8125,378.8125
2006,380.8275,380.8275,380.8275,380.8275
2007,382.7775,382.7775,382.7775,382.7775
2008,384.8,384.8,384.8,384.8
2009,387.00054,386.9516,386.93455,387.01226
2010,389.28521,389.12785,389.0715,389.32416
2011,391.56252,391.27357,391.1665,391.63801
2012,393.84273,393.4211,393.24066,394.00866
2013,396.11734,395.58283,395.29786,396.46384
2014,398.39568,397.76408,397.34576,399.00402
2015,400.68068,399.96631,399.38717,401.62793
2016,402.9683,402.18432,401.41789,404.32819
2017,405.25182,404.41077,403.43127,407.09588
2018,407.52882,406.64292,405.42513,409.92701
2019,409.80029,408.8817,407.40083,412.82151
2020,412.06783,411.12868,409.36026,415.78022
2021,414.32565,413.37804,411.29764,418.79629
2022,416.51662,415.63944,413.21903,421.86439
2023,418.60322,417.93551,415.14445,424.99469
2024,420.60132,420.27395,417.08292,428.19734
2025,422.51575,422.65593,419.03635,431.47473
2026,424.34901,425.07983,421.0038,434.82619
2027,426.09675,427.53791,422.97812,438.24456
2028,427.75232,430.0206,424.95028,441.7208
2029,429.31381,432.5234,426.91631,445.25085
2030,430.78315,435.04594,428.87629,448.83485
2031,432.16344,437.58886,430.832,452.47359
2032,433.43618,440.13137,432.80746,456.177
2033,434.59273,442.66419,434.83148,459.96398
2034,435.65302,445.20699,436.91619,463.85181
2035,436.62804,447.76978,439.06785,467.85003
2036,437.52158,450.35539,441.28581,471.96047
2037,438.33433,452.96337,443.5672,476.18237
2038,439.06015,455.58649,445.90288,480.50799
2039,439.69061,458.2152,448.28176,484.92724
2040,440.2224,460.84499,450.69811,489.43545
2041,440.65666,463.47549,453.15021,494.03235
2042,441.02476,466.09336,455.64509,498.7297
2043,441.34651,468.67807,458.18181,503.52959
2044,441.621,471.23389,460.76247,508.43266
2045,441.8644,473.78031,463.4053,513.45614
2046,442.08482,476.32819,466.11968,518.61062
2047,442.2834,478.88085,468.90757,523.90006
2048,442.4583,481.43826,471.76784,529.32418
2049,442.60091,483.99308,474.69236,534.8752
2050,442.70046,486.53532,477.67043,540.54279
2051,442.75184,489.06035,480.69694,546.32201
2052,442.761,491.53558,483.77696,552.21189
2053,442.73417,493.93186,486.9156,558.2122
2054,442.66263,496.24365,490.1025,564.31311
2055,442.54767,498.47436,493.33845,570.51669
2056,442.40642,500.64502,496.64173,576.84343
2057,442.24833,502.76788,500.02229,583.30471
2058,442.07535,504.84729,503.48287,589.90539
2059,441.88625,506.88408,507.02296,596.64656
2060,441.67274,508.87135,510.63443,603.52045
2061,441.42415,510.79905,514.30531,610.5165
2062,441.1345,512.64717,518.02671,617.60526
2063,440.80284,514.40151,521.79702,624.76367
2064,440.43041,516.06461,525.61935,631.99471
2065,440.01021,517.62854,529.48604,639.29052
2066,439.54473,519.09606,533.3998,646.65274
2067,439.05222,520.48828,537.38147,654.09843
2068,438.54291,521.81772,541.44308,661.64491
2069,438.01932,523.08871,545.58888,669.30474
2070,437.48062,524.30217,549.81989,677.07762
2071,436.91878,525.45089,554.12904,684.95429
2072,436.34251,526.50901,558.48622,692.90196
2073,435.76436,527.45707,562.86724,700.89416
2074,435.18189,528.29593,567.27205,708.93159
2075,434.595,529.02718,571.70141,717.01548
2076,433.99542,529.64253,576.14574,725.13597
2077,433.38456,530.14419,580.6064,733.30667
2078,432.77961,530.55341,585.10462,741.52368
2079,432.18978,530.88313,589.65317,749.80466
2080,431.61659,531.13797,594.25683,758.1823
2081,431.05847,531.31935,598.9179,766.64451
2082,430.51026,531.48991,603.53811,775.17446
2083,429.96413,531.70213,608.01988,783.75141
2084,429.41411,531.94208,612.36372,792.36578
2085,428.85906,532.20472,616.57173,801.0188
2086,428.2991,532.48672,620.64773,809.71464
2087,427.72652,532.77553,624.58304,818.42214
2088,427.14308,533.06978,628.38085,827.15719
2089,426.56607,533.38792,632.06458,835.95594
2090,426.00472,533.74072,635.64876,844.80471
2091,425.46065,534.13086,639.14086,853.72536
2092,424.93745,534.55754,642.59729,862.72597
2093,424.43129,535.01142,646.06094,871.7768
2094,423.93083,535.47962,649.51513,880.86435
2095,423.43058,535.95487,652.95074,889.98162
2096,422.92945,536.4351,656.36419,899.12407
2097,422.42761,536.91986,659.75421,908.28871
2098,421.91753,537.39855,663.10742,917.47137
2099,421.40111,537.87136,666.42313,926.66527
2100,420.89546,538.3583,669.72317,935.87437
2101,420.40998,538.8715,673.02173,945.13213
2102,419.94532,539.38819,676.29128,954.4662
2103,419.49831,539.88381,679.50127,963.83906
2104,419.05981,540.35213,682.64541,973.2408
2105,418.61902,540.78203,685.71141,982.68037
2106,418.17082,541.16804,688.69282,992.14288
2107,417.71454,541.50962,691.58868,1001.6311
2108,417.2507,541.80769,694.39983,1011.1191
2109,416.77219,542.05261,697.11406,1020.6085
2110,416.28127,542.24555,699.73157,1030.1004
2111,415.79518,542.40767,702.27614,1039.5892
2112,415.32319,542.55941,704.7639,1049.1233
2113,414.86696,542.71221,707.20265,1058.7002
2114,414.42496,542.86612,709.5953,1068.3216
2115,413.98893,543.01262,711.93394,1077.9995
2116,413.54867,543.13926,714.20507,1087.6999
2117,413.09942,543.23925,716.40081,1097.4303
2118,412.64076,543.31105,718.51915,1107.1765
2119,412.17338,543.35475,720.56005,1116.9122
2120,411.69045,543.35993,722.51007,1126.6592
2121,411.19435,543.32712,724.36814,1136.4015
2122,410.70228,543.28815,726.15805,1146.1344
2123,410.22339,543.26597,727.8964,1155.9064
2124,409.7593,543.26382,729.59084,1165.7401
2125,409.30847,543.28162,731.24405,1175.6176
2126,408.8627,543.31031,732.84773,1185.5295
2127,408.41656,543.337,734.38928,1195.4833
2128,407.96956,543.35452,735.86182,1205.4772
2129,407.52073,543.36102,737.26278,1215.4661
2130,407.07051,543.35628,738.59171,1225.453
2131,406.61189,543.32954,739.83434,1235.4493
2132,406.14707,543.28277,740.98904,1245.419
2133,405.69286,543.23814,742.0798,1255.397
2134,405.25809,543.20814,743.1235,1265.4211
2135,404.84413,543.19691,744.12799,1275.4843
2136,404.44922,543.20476,745.09601,1285.5943
2137,404.06507,543.22301,746.01899,1295.7632
2138,403.68161,543.23901,746.88224,1305.9625
2139,403.29415,543.2458,747.67691,1316.1708
2140,402.90226,543.24169,748.40031,1326.3936
2141,402.50662,543.22663,749.05184,1336.6283
2142,402.10056,543.18977,749.6169,1346.8594
2143,401.68653,543.13128,750.09334,1357.0727
2144,401.28131,543.07193,750.50572,1367.2797
2145,400.89375,543.02451,750.87141,1377.5097
2146,400.52523,542.9934,751.19813,1387.793
2147,400.17404,542.97911,751.4889,1398.1376
2148,399.83204,542.97309,751.73512,1408.5226
2149,399.4893,542.96279,751.92185,1418.9467
2150,399.14131,542.95532,751.99877,1429.3969
2151,398.78772,542.95532,751.99877,1439.8354
2152,398.42927,542.95532,751.99877,1450.2111
2153,398.0595,542.95532,751.99877,1460.4793
2154,397.68091,542.95532,751.99877,1470.5915
2155,397.31021,542.95532,751.99877,1480.5564
2156,396.95616,542.95532,751.99877,1490.4552
2157,396.62009,542.95532,751.99877,1500.2994
2158,396.3003,542.95532,751.99877,1510.0573
2159,395.98871,542.95532,751.99877,1519.7332
2160,395.67554,542.95532,751.99877,1529.3276
2161,395.35634,542.95532,751.99877,1538.8274
2162,395.03085,542.95532,751.99877,1548.2214
2163,394.69985,542.95532,751.99877,1557.5025
2164,394.357,542.95532,751.99877,1566.6838
2165,394.00489,542.95532,751.99877,1575.7093
2166,393.6601,542.95532,751.99877,1584.5792
2167,393.33128,542.95532,751.99877,1593.389
2168,393.01974,542.95532,751.99877,1602.1444
2169,392.72374,542.95532,751.99877,1610.8232
2170,392.43525,542.95532,751.99877,1619.4189
2171,392.1446,542.95532,751.99877,1627.9283
2172,391.84744,542.95532,751.99877,1636.3423
2173,391.54354,542.95532,751.99877,1644.6544
2174,391.2337,542.95532,751.99877,1652.8621
2175,390.91172,542.95532,751.99877,1660.9472
2176,390.58024,542.95532,751.99877,1668.8714
2177,390.25571,542.95532,751.99877,1676.6491
2178,389.94668,542.95532,751.99877,1684.3479
2179,389.65441,542.95532,751.99877,1691.9855
2180,389.37713,542.95532,751.99877,1699.5543
2181,389.10687,542.95532,751.99877,1707.0542
2182,388.83404,542.95532,751.99877,1714.4671
2183,388.55437,542.95532,751.99877,1721.7857
2184,388.26765,542.95532,751.99877,1728.9986
2185,387.97473,542.95532,751.99877,1736.073
2186,387.6695,542.95532,751.99877,1743.0204
2187,387.35465,542.95532,751.99877,1749.8272
2188,387.04651,542.95532,751.99877,1756.4845
2189,386.75353,542.95532,751.99877,1763.0469
2190,386.47692,542.95532,751.99877,1769.542
2191,386.21487,542.95532,751.99877,1775.972
2192,385.95946,542.95532,751.99877,1782.3281
2193,385.70118,542.95532,751.99877,1788.5985
2194,385.43582,542.95532,751.99877,1794.7605
2195,385.16322,542.95532,751.99877,1800.7999
2196,384.88424,542.95532,751.99877,1806.7334
2197,384.59286,542.95532,751.99877,1812.5201
2198,384.29183,542.95532,751.99877,1818.1423
2199,383.99735,542.95532,751.99877,1823.6498
2200,383.71778,542.95532,751.99877,1829.0556
2201,383.45425,542.95532,751.99877,1834.3733
2202,383.20495,542.95532,751.99877,1839.6122
2203,382.96197,542.95532,751.99877,1844.7812
2204,382.71591,542.95532,751.99877,1849.8682
2205,382.4626,542.95532,751.99877,1854.849
2206,382.20191,542.95532,751.99877,1859.7106
2207,381.93471,542.95532,751.99877,1864.4469
2208,381.6551,542.95532,751.99877,1869.0362
2209,381.36585,542.95532,751.99877,1873.4672
2210,381.08304,542.95532,751.99877,1877.784
2211,380.81494,542.95532,751.99877,1881.9947
2212,380.56263,542.95532,751.99877,1886.1097
2213,380.32426,542.95532,751.99877,1890.1554
2214,380.09195,542.95532,751.99877,1894.1313
2215,379.85638,542.95532,751.99877,1898.0123
2216,379.61345,542.95532,751.99877,1901.7766
2217,379.36304,542.95532,751.99877,1905.4235
2218,379.10604,542.95532,751.99877,1908.9603
2219,378.83665,542.95532,751.99877,1912.3445
2220,378.55765,542.95532,751.99877,1915.5465
2221,378.28503,542.95532,751.99877,1918.6217
2222,378.02696,542.95532,751.99877,1921.6126
2223,377.78445,542.95532,751.99877,1924.5227
2224,377.55563,542.95532,751.99877,1927.352
2225,377.33266,542.95532,751.99877,1930.1
2226,377.10629,542.95532,751.99877,1932.7513
2227,376.87246,542.95532,751.99877,1935.2926
2228,376.63109,542.95532,751.99877,1937.7127
2229,376.38308,542.95532,751.99877,1940.0103
2230,376.12271,542.95532,751.99877,1942.1583
2231,375.85281,542.95532,751.99877,1944.1572
2232,375.58923,542.95532,751.99877,1946.0278
2233,375.34006,542.95532,751.99877,1947.7762
2234,375.10628,542.95532,751.99877,1949.4392
2235,374.88595,542.95532,751.99877,1951.0121
2236,374.67128,542.95532,751.99877,1952.5138
2237,374.4531,542.95532,751.99877,1953.9433
2238,374.22739,542.95532,751.99877,1955.2718
2239,373.9941,542.95532,751.99877,1956.4604
2240,373.75412,542.95532,751.99877,1957.4929
2241,373.50184,542.95532,751.99877,1958.428
2242,373.24011,542.95532,751.99877,1959.1897
2243,372.98467,542.95532,751.99877,1959.7707
2244,372.74353,542.95532,751.99877,1960.2847
2245,372.51759,542.95532,751.99877,1960.7288
2246,372.30492,542.95532,751.99877,1961.0674
2247,372.09773,542.95532,751.99877,1961.3194
2248,371.88692,542.95532,751.99877,1961.4957
2249,371.66854,542.95532,751.99877,1961.5683
2250,371.44254,542.95532,751.99877,1961.5774
2251,371.20984,542.95532,751.99877,1961.5774
2252,370.96489,542.95532,751.99877,1961.5774
2253,370.71059,542.95532,751.99877,1961.5774
2254,370.46256,542.95532,751.99877,1961.5774
2255,370.22872,542.95532,751.99877,1961.5774
2256,370.00993,542.95532,751.99877,1961.5774
2257,369.80422,542.95532,751.99877,1961.5774
2258,369.60385,542.95532,751.99877,1961.5774
2259,369.39976,542.95532,751.99877,1961.5774
2260,369.18806,542.95532,751.99877,1961.5774
2261,368.96871,542.95532,751.99877,1961.5774
2262,368.74266,542.95532,751.99877,1961.5774
2263,368.50442,542.95532,751.99877,1961.5774
2264,368.25693,542.95532,751.99877,1961.5774
2265,368.0157,542.95532,751.99877,1961.5774
2266,367.78857,542.95532,751.99877,1961.5774
2267,367.57635,542.95532,751.99877,1961.5774
2268,367.37703,542.95532,751.99877,1961.5774
2269,367.1829,542.95532,751.99877,1961.5774
2270,366.98498,542.95532,751.99877,1961.5774
2271,366.77941,542.95532,751.99877,1961.5774
2272,366.56619,542.95532,751.99877,1961.5774
2273,366.34625,542.95532,751.99877,1961.5774
2274,366.11421,542.95532,751.99877,1961.5774
2275,365.873,542.95532,751.99877,1961.5774
2276,365.63806,542.95532,751.99877,1961.5774
2277,365.41713,542.95532,751.99877,1961.5774
2278,365.21098,542.95532,751.99877,1961.5774
2279,365.01757,542.95532,751.99877,1961.5774
2280,364.82921,542.95532,751.99877,1961.5774
2281,364.63699,542.95532,751.99877,1961.5774
2282,364.4371,542.95532,751.99877,1961.5774
2283,364.22954,542.95532,751.99877,1961.5774
2284,364.01526,542.95532,751.99877,1961.5774
2285,363.78896,542.95532,751.99877,1961.5774
2286,363.5536,542.95532,751.99877,1961.5774
2287,363.32451,542.95532,751.99877,1961.5774
2288,363.10935,542.95532,751.99877,1961.5774
2289,362.90884,542.95532,751.99877,1961.5774
2290,362.72091,542.95532,751.99877,1961.5774
2291,362.53791,542.95532,751.99877,1961.5774
2292,362.35099,542.95532,751.99877,1961.5774
2293,362.15637,542.95532,751.99877,1961.5774
2294,361.95408,542.95532,751.99877,1961.5774
2295,361.74508,542.95532,751.99877,1961.5774
2296,361.52413,542.95532,751.99877,1961.5774
2297,361.29423,542.95532,751.99877,1961.5774
2298,361.0706,542.95532,751.99877,1961.5774
2299,360.86083,542.95532,751.99877,1961.5774
2300,360.66558,542.95532,751.99877,1961.5774
2301,360.48278,542.95532,751.99877,1961.5774
2302,360.30479,542.95532,751.99877,1961.5774
2303,360.12281,542.95532,751.99877,1961.5774
2304,359.93311,542.95532,751.99877,1961.5774
2305,359.73574,542.95532,751.99877,1961.5774
2306,359.53167,542.95532,751.99877,1961.5774
2307,359.31573,542.95532,751.99877,1961.5774
2308,359.09095,542.95532,751.99877,1961.5774
2309,358.87244,542.95532,751.99877,1961.5774
2310,358.66772,542.95532,751.99877,1961.5774
2311,358.47742,542.95532,751.99877,1961.5774
2312,358.29942,542.95532,751.99877,1961.5774
2313,358.12611,542.95532,751.99877,1961.5774
2314,357.94876,542.95532,751.99877,1961.5774
2315,357.76367,542.95532,751.99877,1961.5774
2316,357.57092,542.95532,751.99877,1961.5774
2317,357.37148,542.95532,751.99877,1961.5774
2318,357.16025,542.95532,751.99877,1961.5774
2319,356.94027,542.95532,751.99877,1961.5774
2320,356.72659,542.95532,751.99877,1961.5774
2321,356.52662,542.95532,751.99877,1961.5774
2322,356.34097,542.95532,751.99877,1961.5774
2323,356.16748,542.95532,751.99877,1961.5774
2324,355.99857,542.95532,751.99877,1961.5774
2325,355.82557,542.95532,751.99877,1961.5774
2326,355.64482,542.95532,751.99877,1961.5774
2327,355.45642,542.95532,751.99877,1961.5774
2328,355.26133,542.95532,751.99877,1961.5774
2329,355.05453,542.95532,751.99877,1961.5774
2330,354.8391,542.95532,751.99877,1961.5774
2331,354.62997,542.95532,751.99877,1961.5774
2332,354.43449,542.95532,751.99877,1961.5774
2333,354.25322,542.95532,751.99877,1961.5774
2334,354.08399,542.95532,751.99877,1961.5774
2335,353.91923,542.95532,751.99877,1961.5774
2336,353.75033,542.95532,751.99877,1961.5774
2337,353.57367,542.95532,751.99877,1961.5774
2338,353.38936,542.95532,751.99877,1961.5774
2339,353.19838,542.95532,751.99877,1961.5774
2340,352.99578,542.95532,751.99877,1961.5774
2341,352.78464,542.95532,751.99877,1961.5774
2342,352.57981,542.95532,751.99877,1961.5774
2343,352.38859,542.95532,751.99877,1961.5774
2344,352.21147,542.95532,751.99877,1961.5774
2345,352.04626,542.95532,751.99877,1961.5774
2346,351.88542,542.95532,751.99877,1961.5774
2347,351.72039,542.95532,751.99877,1961.5774
2348,351.5476,542.95532,751.99877,1961.5774
2349,351.36717,542.95532,751.99877,1961.5774
2350,351.18007,542.95532,751.99877,1961.5774
2351,350.98144,542.95532,751.99877,1961.5774
2352,350.77437,542.95532,751.99877,1961.5774
2353,350.57364,542.95532,751.99877,1961.5774
2354,350.38645,542.95532,751.99877,1961.5774
2355,350.21326,542.95532,751.99877,1961.5774
2356,350.05186,542.95532,751.99877,1961.5774
2357,349.89473,542.95532,751.99877,1961.5774
2358,349.73338,542.95532,751.99877,1961.5774
2359,349.56425,542.95532,751.99877,1961.5774
2360,349.38748,542.95532,751.99877,1961.5774
2361,349.20408,542.95532,751.99877,1961.5774
2362,349.00921,542.95532,751.99877,1961.5774
2363,348.80602,542.95532,751.99877,1961.5774
2364,348.60917,542.95532,751.99877,1961.5774
2365,348.42581,542.95532,751.99877,1961.5774
2366,348.25637,542.95532,751.99877,1961.5774
2367,348.09859,542.95532,751.99877,1961.5774
2368,347.94498,542.95532,751.99877,1961.5774
2369,347.78711,542.95532,751.99877,1961.5774
2370,347.62145,542.95532,751.99877,1961.5774
2371,347.44817,542.95532,751.99877,1961.5774
2372,347.26827,542.95532,751.99877,1961.5774
2373,347.07699,542.95532,751.99877,1961.5774
2374,346.87749,542.95532,751.99877,1961.5774
2375,346.68435,542.95532,751.99877,1961.5774
2376,346.50464,542.95532,751.99877,1961.5774
2377,346.33875,542.95532,751.99877,1961.5774
2378,346.18441,542.95532,751.99877,1961.5774
2379,346.03416,542.95532,751.99877,1961.5774
2380,345.8796,542.95532,751.99877,1961.5774
2381,345.71725,542.95532,751.99877,1961.5774
2382,345.54729,542.95532,751.99877,1961.5774
2383,345.37072,542.95532,751.99877,1961.5774
2384,345.18286,542.95532,751.99877,1961.5774
2385,344.98687,542.95532,751.99877,1961.5774
2386,344.79727,542.95532,751.99877,1961.5774
2387,344.62105,542.95532,751.99877,1961.5774
2388,344.45856,542.95532,751.99877,1961.5774
2389,344.3075,542.95532,751.99877,1961.5774
2390,344.16044,542.95532,751.99877,1961.5774
2391,344.00903,542.95532,751.99877,1961.5774
2392,343.84983,542.95532,751.99877,1961.5774
2393,343.68304,542.95532,751.99877,1961.5774
2394,343.50965,542.95532,751.99877,1961.5774
2395,343.32505,542.95532,751.99877,1961.5774
2396,343.13243,542.95532,751.99877,1961.5774
2397,342.9462,542.95532,751.99877,1961.5774
2398,342.77331,542.95532,751.99877,1961.5774
2399,342.61407,542.95532,751.99877,1961.5774
2400,342.46614,542.95532,751.99877,1961.5774
2401,342.32213,542.95532,751.99877,1961.5774
2402,342.17373,542.95532,751.99877,1961.5774
2403,342.01754,542.95532,751.99877,1961.5774
2404,341.85376,542.95532,751.99877,1961.5774
2405,341.68342,542.95532,751.99877,1961.5774
2406,341.50194,542.95532,751.99877,1961.5774
2407,341.31253,542.95532,751.99877,1961.5774
2408,341.12955,542.95532,751.99877,1961.5774
2409,340.95985,542.95532,751.99877,1961.5774
2410,340.80371,542.95532,751.99877,1961.5774
2411,340.65878,542.95532,751.99877,1961.5774
2412,340.51768,542.95532,751.99877,1961.5774
2413,340.37215,542.95532,751.99877,1961.5774
2414,340.21884,542.95532,751.99877,1961.5774
2415,340.05795,542.95532,751.99877,1961.5774
2416,339.89052,542.95532,751.99877,1961.5774
2417,339.71203,542.95532,751.99877,1961.5774
2418,339.52571,542.95532,751.99877,1961.5774
2419,339.34583,542.95532,751.99877,1961.5774
2420,339.17919,542.95532,751.99877,1961.5774
2421,339.02602,542.95532,751.99877,1961.5774
2422,338.88397,542.95532,751.99877,1961.5774
2423,338.74565,542.95532,751.99877,1961.5774
2424,338.60288,542.95532,751.99877,1961.5774
2425,338.45232,542.95532,751.99877,1961.5774
2426,338.2942,542.95532,751.99877,1961.5774
2427,338.12955,542.95532,751.99877,1961.5774
2428,337.95392,542.95532,751.99877,1961.5774
2429,337.77057,542.95532,751.99877,1961.5774
2430,337.59367,542.95532,751.99877,1961.5774
2431,337.42997,542.95532,751.99877,1961.5774
2432,337.27966,542.95532,751.99877,1961.5774
2433,337.14036,542.95532,751.99877,1961.5774
2434,337.00472,542.95532,751.99877,1961.5774
2435,336.86458,542.95532,751.99877,1961.5774
2436,336.71666,542.95532,751.99877,1961.5774
2437,336.5612,542.95532,751.99877,1961.5774
2438,336.39922,542.95532,751.99877,1961.5774
2439,336.22635,542.95532,751.99877,1961.5774
2440,336.04585,542.95532,751.99877,1961.5774
2441,335.87182,542.95532,751.99877,1961.5774
2442,335.71094,542.95532,751.99877,1961.5774
2443,335.56338,542.95532,751.99877,1961.5774
2444,335.42672,542.95532,751.99877,1961.5774
2445,335.29364,542.95532,751.99877,1961.5774
2446,335.15604,542.95532,751.99877,1961.5774
2447,335.01065,542.95532,751.99877,1961.5774
2448,334.85773,542.95532,751.99877,1961.5774
2449,334.69833,542.95532,751.99877,1961.5774
2450,334.52811,542.95532,751.99877,1961.5774
2451,334.35035,542.95532,751.99877,1961.5774
2452,334.17908,542.95532,751.99877,1961.5774
2453,334.02092,542.95532,751.99877,1961.5774
2454,333.876,542.95532,751.99877,1961.5774
2455,333.74189,542.95532,751.99877,1961.5774
2456,333.61127,542.95532,751.99877,1961.5774
2457,333.4761,542.95532,751.99877,1961.5774
2458,333.33315,542.95532,751.99877,1961.5774
2459,333.18269,542.95532,751.99877,1961.5774
2460,333.02576,542.95532,751.99877,1961.5774
2461,332.85808,542.95532,751.99877,1961.5774
2462,332.68296,542.95532,751.99877,1961.5774
2463,332.51436,542.95532,751.99877,1961.5774
2464,332.35883,542.95532,751.99877,1961.5774
2465,332.21645,542.95532,751.99877,1961.5774
2466,332.08479,542.95532,751.99877,1961.5774
2467,331.95654,542.95532,751.99877,1961.5774
2468,331.82371,542.95532,751.99877,1961.5774
2469,331.68311,542.95532,751.99877,1961.5774
2470,331.535,542.95532,751.99877,1961.5774
2471,331.38045,542.95532,751.99877,1961.5774
2472,331.21523,542.95532,751.99877,1961.5774
2473,331.04267,542.95532,751.99877,1961.5774
2474,330.87664,542.95532,751.99877,1961.5774
2475,330.72364,542.95532,751.99877,1961.5774
2476,330.58372,542.95532,751.99877,1961.5774
2477,330.45441,542.95532,751.99877,1961.5774
2478,330.32845,542.95532,751.99877,1961.5774
2479,330.19788,542.95532,751.99877,1961.5774
2480,330.05953,542.95532,751.99877,1961.5774
2481,329.9137,542.95532,751.99877,1961.5774
2482,329.76144,542.95532,751.99877,1961.5774
2483,329.5986,542.95532,751.99877,1961.5774
2484,329.4285,542.95532,751.99877,1961.5774
2485,329.26495,542.95532,751.99877,1961.5774
2486,329.11439,542.95532,751.99877,1961.5774
2487,328.97684,542.95532,751.99877,1961.5774
2488,328.84981,542.95532,751.99877,1961.5774
2489,328.72606,542.95532,751.99877,1961.5774
2490,328.59766,542.95532,751.99877,1961.5774
2491,328.46149,542.95532,751.99877,1961.5774
2492,328.31785,542.95532,751.99877,1961.5774
2493,328.16781,542.95532,751.99877,1961.5774
2494,328.00726,542.95532,751.99877,1961.5774
2495,327.83954,542.95532,751.99877,1961.5774
2496,327.6784,542.95532,751.99877,1961.5774
2497,327.53021,542.95532,751.99877,1961.5774
2498,327.39495,542.95532,751.99877,1961.5774
2499,327.27012,542.95532,751.99877,1961.5774
2500,327.2098,542.95532,751.99877,1961.5774
