"model","ISO","intercept","slope"
"BCC-CSM2-MR","AFG",-11.3174435386009,1.48703553715252
"BCC-CSM2-MR","AGO",6.88809002640556,1.00573688852563
"BCC-CSM2-MR","ALB",-9.3128813143394,1.43014594569799
"BCC-CSM2-MR","ARE",13.4275065811579,0.945918540401957
"BCC-CSM2-MR","ARG",2.15518668389258,0.990666001293813
"BCC-CSM2-MR","ARM",-14.7888869026267,1.49953535733866
"BCC-CSM2-MR","ATA",-273.150000000314,1.90900447756512e-11
"BCC-CSM2-MR","ATF",-273.150000000314,1.90900447756512e-11
"BCC-CSM2-MR","AUS",4.00148600032781,0.86112141117634
"BCC-CSM2-MR","AUT",-15.411573359523,1.49477554934785
"BCC-CSM2-MR","AZE",-7.41793129054891,1.35055935694278
"BCC-CSM2-MR","BDI",2.43974357831695,1.16632134310604
"BCC-CSM2-MR","BEL",-8.3533885214435,1.2046730660242
"BCC-CSM2-MR","BEN",12.4283908919369,0.961482992893229
"BCC-CSM2-MR","BFA",11.0104684432962,1.12454003975381
"BCC-CSM2-MR","BGD",11.3310649340269,0.927583293788152
"BCC-CSM2-MR","BGR",-13.0147634221927,1.53026206566057
"BCC-CSM2-MR","BHS",12.6750021130548,0.769354863183754
"BCC-CSM2-MR","BIH",-13.7959202624729,1.52833540323506
"BCC-CSM2-MR","BLR",-20.1264599350939,1.69591568069587
"BCC-CSM2-MR","BLZ",12.4601595317993,0.883934391241237
"BCC-CSM2-MR","BOL",-4.97615813252913,1.30972046887197
"BCC-CSM2-MR","BRA",6.91619749799401,1.06102302899786
"BCC-CSM2-MR","BRN",13.2283711919456,0.885733069592566
"BCC-CSM2-MR","BTN",-2.77562175378645,1.05809146445568
"BCC-CSM2-MR","BWA",2.281124273247,1.21805694313427
"BCC-CSM2-MR","CAF",9.07326613213752,1.08758461262212
"BCC-CSM2-MR","CAN",-20.2045767851079,1.72629081994988
"BCC-CSM2-MR","CHE",-14.045890991606,1.41309981607795
"BCC-CSM2-MR","CHL",-1.49755679632469,0.920626492175333
"BCC-CSM2-MR","CHN",-4.06974541976678,1.27357871845493
"BCC-CSM2-MR","CIV",11.7762511045641,0.9479591658509
"BCC-CSM2-MR","CMR",8.06334418556244,1.07649189744464
"BCC-CSM2-MR","COD",7.37933709867001,1.07618809152604
"BCC-CSM2-MR","COG",9.36734069666334,1.00914331628327
"BCC-CSM2-MR","COL",2.29999311575871,1.16293999706628
"BCC-CSM2-MR","CRI",8.75624107605617,0.821672960608504
"BCC-CSM2-MR","CUB",13.2109297413307,0.813288554030444
"BCC-CSM2-MR","CYN",3.72217339668527,1.07945967338881
"BCC-CSM2-MR","CYP",3.81376609869601,1.05661105446992
"BCC-CSM2-MR","CZE",-14.7902999086687,1.46831889355849
"BCC-CSM2-MR","DEU",-11.3718324325759,1.32318539574775
"BCC-CSM2-MR","DJI",12.1853885451424,1.03796870555712
"BCC-CSM2-MR","DNK",-10.1889823776243,1.20437839507825
"BCC-CSM2-MR","DOM",12.7731228690721,0.775178250377499
"BCC-CSM2-MR","DZA",-3.89023383256621,1.37482540046173
"BCC-CSM2-MR","ECU",3.43389858959874,1.00133780793514
"BCC-CSM2-MR","EGY",4.8073751917846,1.13599484888694
"BCC-CSM2-MR","ERI",5.6432800916983,1.15698584575328
"BCC-CSM2-MR","ESP",-4.75472582227041,1.2804542349495
"BCC-CSM2-MR","EST",-22.0120352957017,1.74167373673729
"BCC-CSM2-MR","ETH",2.74222966438893,1.09267810320769
"BCC-CSM2-MR","FIN",-24.9175516458688,1.84261183266079
"BCC-CSM2-MR","FJI",13.9663306524982,0.694367565156761
"BCC-CSM2-MR","FLK",-2.61441888579482,0.617268554161263
"BCC-CSM2-MR","FRA",-8.50636722066726,1.29252926498298
"BCC-CSM2-MR","GAB",10.4772022738777,0.953064268741521
"BCC-CSM2-MR","GBR",-5.43649606755419,1.00002107366565
"BCC-CSM2-MR","GEO",-10.9760192514337,1.39627868406537
"BCC-CSM2-MR","GHA",12.484337358753,0.93809378906827
"BCC-CSM2-MR","GIN",10.5696278569992,0.993274034968909
"BCC-CSM2-MR","GMB",12.6156248771776,0.948931400205406
"BCC-CSM2-MR","GNB",14.6072919405078,0.859918287539533
"BCC-CSM2-MR","GNQ",10.8863518282907,0.888955638187017
"BCC-CSM2-MR","GRC",-3.92575550718584,1.27645404006275
"BCC-CSM2-MR","GRL",-12.1106506347596,0.648580466323767
"BCC-CSM2-MR","GTM",4.67335566731086,1.03676620480366
"BCC-CSM2-MR","GUY",12.4459653008541,0.890513637766901
"BCC-CSM2-MR","HND",8.98019614808287,0.943819299687361
"BCC-CSM2-MR","HRV",-12.0612544516831,1.5258182169677
"BCC-CSM2-MR","HTI",13.5336903934347,0.758947731942623
"BCC-CSM2-MR","HUN",-13.6626869578439,1.55144101101163
"BCC-CSM2-MR","IDN",13.3657722463658,0.819356141654553
"BCC-CSM2-MR","IND",10.0899692869508,1.00394509144521
"BCC-CSM2-MR","IRL",-3.0476670977299,0.840307855110985
"BCC-CSM2-MR","IRN",-5.79619028779797,1.38493922553487
"BCC-CSM2-MR","IRQ",1.23642759009143,1.47765323669791
"BCC-CSM2-MR","ISL",-12.0960729734608,1.04438691469839
"BCC-CSM2-MR","ISR",3.32359659640903,1.09794560201061
"BCC-CSM2-MR","ITA",-7.74583515993572,1.38343175501452
"BCC-CSM2-MR","JAM",14.6217136381802,0.721761229167915
"BCC-CSM2-MR","JOR",0.204425329507246,1.1975139593979
"BCC-CSM2-MR","JPN",-3.57942527647509,1.19227004905231
"BCC-CSM2-MR","KAZ",-18.6763045197632,1.64144429399645
"BCC-CSM2-MR","KEN",5.61509709487589,0.992836436727671
"BCC-CSM2-MR","KGZ",-15.7186503913383,1.47401523406726
"BCC-CSM2-MR","KHM",14.4639160195426,0.908185548279202
"BCC-CSM2-MR","KOR",-8.01072676764542,1.3546701544427
"BCC-CSM2-MR","KOS",-13.7505558321819,1.54272875687933
"BCC-CSM2-MR","KWT",6.11412799979872,1.28937969741403
"BCC-CSM2-MR","LAO",9.43607238712139,0.981152646385064
"BCC-CSM2-MR","LBN",-1.16844989395951,1.15386691874129
"BCC-CSM2-MR","LBR",12.1644414292131,0.86917100535693
"BCC-CSM2-MR","LBY",2.86077418847189,1.15059485455638
"BCC-CSM2-MR","LKA",14.2776317024662,0.767363386207587
"BCC-CSM2-MR","LSO",-7.32353101002752,1.29268905777769
"BCC-CSM2-MR","LTU",-18.7580815614198,1.61385800526911
"BCC-CSM2-MR","LUX",-11.5275578534488,1.33405137767185
"BCC-CSM2-MR","LVA",-19.4817898904555,1.63880669024198
"BCC-CSM2-MR","MAR",-1.10611337205968,1.24411285934783
"BCC-CSM2-MR","MDA",-16.0852134397318,1.65872081042587
"BCC-CSM2-MR","MDG",7.7295817051909,0.861646310936591
"BCC-CSM2-MR","MEX",2.34646849593903,1.11543299216957
"BCC-CSM2-MR","MKD",-13.1627664532321,1.53323124322724
"BCC-CSM2-MR","MLI",10.7025590809623,1.15068504588455
"BCC-CSM2-MR","MMR",13.0272159048343,0.867504895544044
"BCC-CSM2-MR","MNE",-12.5365652147839,1.47575859510179
"BCC-CSM2-MR","MNG",-25.3298471658329,1.61450387052342
"BCC-CSM2-MR","MOZ",9.27201116070608,0.931942023197024
"BCC-CSM2-MR","MRT",11.6938284163439,1.11778453992084
"BCC-CSM2-MR","MWI",5.73419200813473,1.02603307142999
"BCC-CSM2-MR","MYS",12.6279337768569,0.918479478961133
"BCC-CSM2-MR","NAM",3.30336352319282,1.20047693039647
"BCC-CSM2-MR","NCL",11.9907728631135,0.684340047940565
"BCC-CSM2-MR","NER",12.0753118204474,1.07927360457119
"BCC-CSM2-MR","NGA",10.69445197285,1.0506568999418
"BCC-CSM2-MR","NIC",12.2918359713303,0.897658535474456
"BCC-CSM2-MR","NLD",-7.11002244098649,1.12191465120778
"BCC-CSM2-MR","NOR",-14.7405101997202,1.28904985494816
"BCC-CSM2-MR","NPL",3.48005360092203,1.0760374666468
"BCC-CSM2-MR","NZL",1.81389463185205,0.779637543037223
"BCC-CSM2-MR","OMN",12.1137457984218,0.992982624363801
"BCC-CSM2-MR","PAK",4.37036251823169,1.24373387618575
"BCC-CSM2-MR","PAN",13.9812619441329,0.772108497859394
"BCC-CSM2-MR","PER",-1.3119044261012,1.14572346568266
"BCC-CSM2-MR","PHL",14.3885990651538,0.78396920675973
"BCC-CSM2-MR","PNG",8.03651732923921,0.861813991397376
"BCC-CSM2-MR","POL",-14.9662976748839,1.47564056020456
"BCC-CSM2-MR","PRI",14.9588881712931,0.690647435966948
"BCC-CSM2-MR","PRK",-13.3970532091584,1.47689576392901
"BCC-CSM2-MR","PRT",-1.98763742692307,1.11530706014939
"BCC-CSM2-MR","PRY",3.42362480420922,1.25127935272646
"BCC-CSM2-MR","PSX",1.95356499970891,1.16698025266571
"BCC-CSM2-MR","QAT",9.65318202251437,1.13600394163497
"BCC-CSM2-MR","ROU",-14.7163949252471,1.58246418278217
"BCC-CSM2-MR","RUS",-23.4879487228461,1.79960940349756
"BCC-CSM2-MR","RWA",0.443747101447119,1.20165439455723
"BCC-CSM2-MR","SAH",2.11951490424888,1.37258079850079
"BCC-CSM2-MR","SAU",6.40778554384834,1.26833467971205
"BCC-CSM2-MR","SDN",11.3209955329854,1.12563274779519
"BCC-CSM2-MR","SDS",12.5116162879812,1.00424020930075
"BCC-CSM2-MR","SEN",12.5170262541598,0.970207914908377
"BCC-CSM2-MR","SLB",14.3670116665389,0.76469547039372
"BCC-CSM2-MR","SLE",11.6376075414396,0.943967715684492
"BCC-CSM2-MR","SLV",11.392651955636,0.941825437013444
"BCC-CSM2-MR","SOL",8.04048626331059,1.0370173923692
"BCC-CSM2-MR","SOM",13.5720064137352,0.897359295152389
"BCC-CSM2-MR","SRB",-12.8963629381276,1.5553003742558
"BCC-CSM2-MR","SUR",12.6661272720434,0.897478075674287
"BCC-CSM2-MR","SVK",-15.543787563731,1.53351753065332
"BCC-CSM2-MR","SVN",-13.8934998862176,1.52320592117517
"BCC-CSM2-MR","SWE",-16.3604856439061,1.44822897912563
"BCC-CSM2-MR","SWZ",2.73530716054782,1.08645392175238
"BCC-CSM2-MR","SYR",-2.27729369814132,1.32121782529455
"BCC-CSM2-MR","TCD",12.072952005036,1.05274824861742
"BCC-CSM2-MR","TGO",12.1141674849254,0.963843625725481
"BCC-CSM2-MR","THA",13.1451463890046,0.93416965132513
"BCC-CSM2-MR","TJK",-11.7954896376719,1.46594588909854
"BCC-CSM2-MR","TKM",-6.25957010513402,1.41462649025294
"BCC-CSM2-MR","TLS",12.6868733925466,0.768293559141549
"BCC-CSM2-MR","TTO",15.0514867551306,0.741993267786074
"BCC-CSM2-MR","TUN",-0.830943519287118,1.27711284686805
"BCC-CSM2-MR","TUR",-7.25135099136878,1.32663252054936
"BCC-CSM2-MR","TWN",8.88027727990473,0.890453331683037
"BCC-CSM2-MR","TZA",6.94705539718486,1.02938649882412
"BCC-CSM2-MR","UGA",5.87308264834019,1.07949881305676
"BCC-CSM2-MR","UKR",-17.1761084588494,1.6577226345632
"BCC-CSM2-MR","URY",3.94557002695514,0.863361195577759
"BCC-CSM2-MR","USA",-6.61034682902854,1.38740769626638
"BCC-CSM2-MR","UZB",-8.15748387174469,1.4298596431154
"BCC-CSM2-MR","VEN",10.3655223165803,0.963212772234304
"BCC-CSM2-MR","VNM",11.8758232059134,0.888886181519987
"BCC-CSM2-MR","VUT",14.8635707113357,0.669837967871044
"BCC-CSM2-MR","YEM",7.76194617584244,0.997733536490933
"BCC-CSM2-MR","ZAF",0.461180570184689,1.13359094033412
"BCC-CSM2-MR","ZMB",3.92786685920738,1.14825229790426
"BCC-CSM2-MR","ZWE",3.03584730224772,1.11065168680285
"CanESM5","AFG",-14.5382848854917,1.75235165862858
"CanESM5","AGO",5.68544178771087,1.11545047117943
"CanESM5","ALB",-5.43205459028646,1.25673899814824
"CanESM5","ARE",8.10331481027869,1.31922492541485
"CanESM5","ARG",3.97429265707762,0.900408355238089
"CanESM5","ARM",-16.0059258250813,1.62347614650511
"CanESM5","ATA",-273.150000000124,7.52283778956998e-12
"CanESM5","ATF",-273.150000000124,7.52283778956998e-12
"CanESM5","AUS",3.0979983370606,0.934655767386754
"CanESM5","AUT",-10.7429555323764,1.27213294980848
"CanESM5","AZE",-7.27221966968915,1.39454492795461
"CanESM5","BDI",5.61184361677624,0.989106086373255
"CanESM5","BEL",-6.24636119215899,1.12501316587577
"CanESM5","BEN",13.0276422640084,0.95048905006659
"CanESM5","BFA",14.722540293053,0.913374541304185
"CanESM5","BGD",9.74569315873881,1.05241907247788
"CanESM5","BGR",-8.12688623945818,1.29303900692183
"CanESM5","BHS",11.5263940339115,0.865870514292206
"CanESM5","BIH",-8.53620440008177,1.27017067937732
"CanESM5","BLR",-13.7400753627075,1.37793457041935
"CanESM5","BLZ",9.15557860865746,1.12333557096564
"CanESM5","BOL",-5.5843729889749,1.38616034439163
"CanESM5","BRA",6.15922602164096,1.13932195601302
"CanESM5","BRN",14.6333732373425,0.820678521587794
"CanESM5","BTN",-5.2322035418515,1.25244860280675
"CanESM5","BWA",1.00655117877688,1.3551842149849
"CanESM5","CAF",10.8386352925001,1.00908103293067
"CanESM5","CAN",-16.4151898290886,1.5539789788319
"CanESM5","CHE",-10.3576197064195,1.24229481356123
"CanESM5","CHL",-3.10316368221579,1.05700656870825
"CanESM5","CHN",-3.73669143576454,1.27456622011103
"CanESM5","CIV",11.9440930167678,0.965555917875994
"CanESM5","CMR",9.71809066954626,0.999270390296913
"CanESM5","COD",9.08984852187466,0.99710153375954
"CanESM5","COG",10.2520146176082,0.978963703591049
"CanESM5","COL",3.14773724046523,1.13403396378375
"CanESM5","CRI",7.12446870563006,0.949023175522724
"CanESM5","CUB",12.2444903561102,0.902112594029863
"CanESM5","CYN",4.54633982520495,1.06547821111203
"CanESM5","CYP",4.97860590423243,1.02151302267367
"CanESM5","CZE",-10.4259013702175,1.26820571347739
"CanESM5","DEU",-8.51751993835721,1.20517735936305
"CanESM5","DJI",9.50169886339834,1.24549717055213
"CanESM5","DNK",-7.94284632585468,1.11250406262494
"CanESM5","DOM",12.4235553264356,0.82706243878981
"CanESM5","DZA",-0.947786775547624,1.25284801099633
"CanESM5","ECU",3.18522951142256,1.04563491185777
"CanESM5","EGY",5.3254023088861,1.15278252168847
"CanESM5","ERI",6.49767779405239,1.14055133834776
"CanESM5","ESP",-2.36727401954259,1.17438977157746
"CanESM5","EST",-14.8629173211226,1.39022109265364
"CanESM5","ETH",5.35557982170497,0.940553159403083
"CanESM5","FIN",-16.9173641649762,1.43444479215265
"CanESM5","FJI",13.4936199150796,0.744315384801013
"CanESM5","FLK",-1.23872043587112,0.529495752816285
"CanESM5","FRA",-5.86961164392743,1.17669979205998
"CanESM5","GAB",12.1334695021372,0.87405268427804
"CanESM5","GBR",-5.34967571765122,1.03889710594806
"CanESM5","GEO",-11.857419445857,1.49539936087622
"CanESM5","GHA",12.5535108003493,0.963579256964404
"CanESM5","GIN",9.94101418385539,1.06746189833994
"CanESM5","GMB",13.2372895643067,0.953538388415432
"CanESM5","GNB",13.4784380618568,0.971779610532094
"CanESM5","GNQ",11.4371682607456,0.879461481862294
"CanESM5","GRC",-1.74832309180116,1.20166523750041
"CanESM5","GRL",-33.9542397850023,2.14518792658826
"CanESM5","GTM",2.37173867195928,1.21341233951026
"CanESM5","GUY",12.7911846523157,0.897033523885158
"CanESM5","HND",6.36403202510468,1.13959539722433
"CanESM5","HRV",-6.7219459495106,1.25927184364798
"CanESM5","HTI",12.448443133,0.85774494308781
"CanESM5","HUN",-8.29564869417667,1.28838153841048
"CanESM5","IDN",14.0289553129541,0.793135997764766
"CanESM5","IND",9.75120691528135,1.05324266978808
"CanESM5","IRL",-3.67027416186726,0.91816971963065
"CanESM5","IRN",-7.46068692672796,1.55063605686808
"CanESM5","IRQ",0.93210490022027,1.55044940416609
"CanESM5","ISL",-18.2282917894366,1.52257850795217
"CanESM5","ISR",3.76907776442216,1.11492799656074
"CanESM5","ITA",-3.53231876379761,1.17521956666243
"CanESM5","JAM",13.5333490011814,0.821545522291639
"CanESM5","JOR",1.09604281746995,1.18895512096626
"CanESM5","JPN",-1.92959011964104,1.11574565560129
"CanESM5","KAZ",-19.016874627392,1.71896009325112
"CanESM5","KEN",9.40801616126952,0.766348713189371
"CanESM5","KGZ",-20.2712942598217,1.81703148827498
"CanESM5","KHM",15.5140442978138,0.867015182586255
"CanESM5","KOR",-5.87639273015425,1.24485079365119
"CanESM5","KOS",-8.83652026110238,1.30886246835933
"CanESM5","KWT",4.72581211421394,1.43156585164323
"CanESM5","LAO",11.2922301849247,0.888146815688213
"CanESM5","LBN",0.0445909424375258,1.12043015874294
"CanESM5","LBR",12.2805379259209,0.888337284684985
"CanESM5","LBY",3.55148999627299,1.16418090977728
"CanESM5","LKA",13.9291814277421,0.812652702235806
"CanESM5","LSO",-6.38683861441081,1.27334290320687
"CanESM5","LTU",-12.7447101931366,1.3239654170744
"CanESM5","LUX",-8.4513841410986,1.19725434093131
"CanESM5","LVA",-13.1699527132728,1.333657725513
"CanESM5","MAR",1.19767909153653,1.14182804750255
"CanESM5","MDA",-10.2818848876441,1.36604405719701
"CanESM5","MDG",8.25035435518623,0.855042491083523
"CanESM5","MEX",3.31657444289715,1.08604336332332
"CanESM5","MKD",-8.26151649936258,1.29981837188084
"CanESM5","MLI",11.4407150947776,1.13340950958423
"CanESM5","MMR",12.530185955469,0.930210658754233
"CanESM5","MNE",-8.29539752683726,1.27954775801819
"CanESM5","MNG",-24.6748586662053,1.61330947127803
"CanESM5","MOZ",8.79770276575084,0.997751139747967
"CanESM5","MRT",11.1939176898235,1.19301492486909
"CanESM5","MWI",5.68077649534731,1.06486371994012
"CanESM5","MYS",14.5898016228961,0.815606012779978
"CanESM5","NAM",1.92777869549265,1.33706625495754
"CanESM5","NCL",11.4277777530686,0.745881930076957
"CanESM5","NER",14.356834026141,0.954950165500044
"CanESM5","NGA",13.1424029271392,0.920592529848089
"CanESM5","NIC",10.2357238303411,1.05315034330277
"CanESM5","NLD",-5.74343974710511,1.08553655652002
"CanESM5","NOR",-11.7794279764644,1.16841614266162
"CanESM5","NPL",-0.519217780324074,1.36574256293271
"CanESM5","NZL",2.70285523418633,0.748343974516229
"CanESM5","OMN",9.1958622712961,1.21418967293127
"CanESM5","PAK",1.37242440621943,1.49037676848255
"CanESM5","PAN",12.9349936259343,0.862045426417394
"CanESM5","PER",-0.629023066591036,1.1296245592884
"CanESM5","PHL",14.8157299359059,0.784070526509616
"CanESM5","PNG",9.54500133253231,0.793861805335867
"CanESM5","POL",-10.3279615107792,1.26633921203509
"CanESM5","PRI",14.980464228321,0.718769327679024
"CanESM5","PRK",-11.4093354892568,1.38164962973198
"CanESM5","PRT",0.600454132055405,0.981199149283916
"CanESM5","PRY",1.71453803406474,1.40179659959294
"CanESM5","PSX",2.69556118157191,1.1682624997803
"CanESM5","QAT",7.78494381804787,1.30120059351008
"CanESM5","ROU",-9.4770712531059,1.32632105300113
"CanESM5","RUS",-17.9387041910212,1.51704195423136
"CanESM5","RWA",4.66241067065982,0.958793836302671
"CanESM5","SAH",5.07122580323803,1.23014767195811
"CanESM5","SAU",5.58315802885529,1.36596487773707
"CanESM5","SDN",11.4700653672924,1.14760070202832
"CanESM5","SDS",15.2719529428833,0.841013566017587
"CanESM5","SEN",13.176603246965,0.970534417584283
"CanESM5","SLB",14.993638218975,0.745118443371111
"CanESM5","SLE",11.6769978460733,0.970454713582611
"CanESM5","SLV",8.64687968815294,1.14220276750496
"CanESM5","SOL",6.99881369117196,1.13362213064058
"CanESM5","SOM",14.0937511083415,0.880172132761759
"CanESM5","SRB",-7.86809489773576,1.31302468393476
"CanESM5","SUR",13.023357381049,0.904791367614484
"CanESM5","SVK",-10.414136232798,1.28819922039167
"CanESM5","SVN",-8.58383334275711,1.25745944886943
"CanESM5","SWE",-11.7513811380611,1.2335297305294
"CanESM5","SWZ",2.30599528474465,1.15605483250812
"CanESM5","SYR",-1.09244540353472,1.29218645448021
"CanESM5","TCD",12.7316772129302,1.03457762429385
"CanESM5","TGO",12.4039062677334,0.97457725853125
"CanESM5","THA",14.2573394575544,0.888955568667827
"CanESM5","TJK",-16.3097518647645,1.81648459988336
"CanESM5","TKM",-7.03971347209981,1.52314190176108
"CanESM5","TLS",13.5121904649236,0.735560175362778
"CanESM5","TTO",15.1257783268685,0.76445070557425
"CanESM5","TUN",2.17071675643928,1.14993433641374
"CanESM5","TUR",-6.88560943841139,1.35140654115538
"CanESM5","TWN",9.38583484142028,0.877472298871565
"CanESM5","TZA",9.07700106401369,0.91879664858078
"CanESM5","UGA",11.6135906483475,0.718885678622656
"CanESM5","UKR",-11.807112834771,1.38883181714834
"CanESM5","URY",5.17835977615436,0.811545509213611
"CanESM5","USA",-3.90045800992559,1.26460625140122
"CanESM5","UZB",-11.3235800378486,1.69123349622072
"CanESM5","VEN",10.2985176755818,0.992555925054674
"CanESM5","VNM",12.8997495033432,0.846525424498924
"CanESM5","VUT",14.1647162285269,0.734479711897249
"CanESM5","YEM",4.599102747628,1.23239779457648
"CanESM5","ZAF",0.48445521472929,1.17076925048019
"CanESM5","ZMB",4.38454972302335,1.16312143411308
"CanESM5","ZWE",2.51661351438095,1.1942402624284
"GFDL-ESM4","AFG",-14.0855214941955,1.70489336264947
"GFDL-ESM4","AGO",1.1805537292012,1.40123297267018
"GFDL-ESM4","ALB",-6.85766443613712,1.32388501548452
"GFDL-ESM4","ARE",8.67370738384984,1.27056857323197
"GFDL-ESM4","ARG",3.75617331765272,0.900977303231163
"GFDL-ESM4","ARM",-15.4993601089257,1.57166844526409
"GFDL-ESM4","ATA",-273.150000000322,2.01209060221667e-11
"GFDL-ESM4","ATF",-273.150000000322,2.01209060221667e-11
"GFDL-ESM4","AUS",0.920819592707497,1.06166014494709
"GFDL-ESM4","AUT",-11.9900779217729,1.32860102111231
"GFDL-ESM4","AZE",-6.97314443158044,1.35392407088609
"GFDL-ESM4","BDI",1.55763011518785,1.24167256703969
"GFDL-ESM4","BEL",-5.58496339371638,1.05543335267712
"GFDL-ESM4","BEN",10.2987747490961,1.12387536561192
"GFDL-ESM4","BFA",8.89430597724789,1.29784769249605
"GFDL-ESM4","BGD",12.2775555043887,0.891178683403743
"GFDL-ESM4","BGR",-10.0850498148168,1.39447896259112
"GFDL-ESM4","BHS",10.6741668936999,0.914077809658651
"GFDL-ESM4","BIH",-10.3738577515382,1.35717167015945
"GFDL-ESM4","BLR",-14.4483822894825,1.4048379138172
"GFDL-ESM4","BLZ",9.41863916323428,1.10518009189402
"GFDL-ESM4","BOL",-7.4761380004271,1.49193085983408
"GFDL-ESM4","BRA",4.64920323297853,1.22140177839505
"GFDL-ESM4","BRN",12.4146156910032,0.958150267959942
"GFDL-ESM4","BTN",-2.28126475134109,1.06143813838402
"GFDL-ESM4","BWA",-4.49386785392702,1.70251326699269
"GFDL-ESM4","CAF",4.50550294551965,1.41912094236635
"GFDL-ESM4","CAN",-15.2937392884703,1.48341999082753
"GFDL-ESM4","CHE",-11.9239343672189,1.31787618831187
"GFDL-ESM4","CHL",-3.51205446744729,1.07064211297677
"GFDL-ESM4","CHN",-1.74177720432077,1.15134927432684
"GFDL-ESM4","CIV",9.11872900275567,1.14188397051754
"GFDL-ESM4","CMR",6.06281157175431,1.2372370326846
"GFDL-ESM4","COD",2.10298542478495,1.44512268356331
"GFDL-ESM4","COG",4.86442704412815,1.32405048753999
"GFDL-ESM4","COL",0.749101834980128,1.27994189446689
"GFDL-ESM4","CRI",4.11683316979976,1.13540206246129
"GFDL-ESM4","CUB",10.4371552074083,1.01040180650214
"GFDL-ESM4","CYN",3.14543101939882,1.14414091731444
"GFDL-ESM4","CYP",3.55768874016042,1.09913106171505
"GFDL-ESM4","CZE",-10.9550856732406,1.27838403519103
"GFDL-ESM4","DEU",-8.28458840401077,1.16726358514205
"GFDL-ESM4","DJI",12.8227330478741,1.00815066862704
"GFDL-ESM4","DNK",-8.89230675478615,1.15110519513125
"GFDL-ESM4","DOM",8.80511177893073,1.04600151290363
"GFDL-ESM4","DZA",-2.5989132656339,1.33472226277485
"GFDL-ESM4","ECU",0.851155532983474,1.18727872273116
"GFDL-ESM4","EGY",4.55714181224511,1.1826800384757
"GFDL-ESM4","ERI",5.65797780199266,1.18464299641565
"GFDL-ESM4","ESP",-3.62391555886733,1.24059589459372
"GFDL-ESM4","EST",-16.629137154539,1.49251899123301
"GFDL-ESM4","ETH",2.11316725246031,1.15725791640634
"GFDL-ESM4","FIN",-19.2983456798094,1.57832567898947
"GFDL-ESM4","FJI",13.9724618946769,0.707581201274527
"GFDL-ESM4","FLK",-3.28060126416122,0.652376714351676
"GFDL-ESM4","FRA",-5.79950755009575,1.14991669926951
"GFDL-ESM4","GAB",8.03652529741601,1.13273192546292
"GFDL-ESM4","GBR",-3.88367537933667,0.91469397200349
"GFDL-ESM4","GEO",-10.8985228597745,1.41955303946498
"GFDL-ESM4","GHA",10.6566392385648,1.07763888437387
"GFDL-ESM4","GIN",7.75682233108041,1.19881746100156
"GFDL-ESM4","GMB",8.65677044973328,1.23196479777287
"GFDL-ESM4","GNB",9.47096917502284,1.21227431570801
"GFDL-ESM4","GNQ",7.1666464063392,1.14905816149199
"GFDL-ESM4","GRC",-3.61357211527271,1.29718511053723
"GFDL-ESM4","GRL",-14.6548876698262,0.796172981662231
"GFDL-ESM4","GTM",2.07074366517628,1.22166821653372
"GFDL-ESM4","GUY",10.3953405082008,1.03814438328224
"GFDL-ESM4","HND",3.51721895067402,1.31599996165667
"GFDL-ESM4","HRV",-8.33469998984064,1.34150783462357
"GFDL-ESM4","HTI",9.33021764341459,1.04688460040122
"GFDL-ESM4","HUN",-8.76236685781898,1.29787513896762
"GFDL-ESM4","IDN",11.7577026654071,0.936860206773975
"GFDL-ESM4","IND",10.506940961651,0.998585956486282
"GFDL-ESM4","IRL",-1.43130115554026,0.746178679099441
"GFDL-ESM4","IRN",-6.79700633207637,1.49198561061974
"GFDL-ESM4","IRQ",0.974469956883372,1.53750822735992
"GFDL-ESM4","ISL",-10.2341409378601,0.929234069705757
"GFDL-ESM4","ISR",2.50131666813225,1.1847439593666
"GFDL-ESM4","ITA",-5.50176839210935,1.28324460322081
"GFDL-ESM4","JAM",11.5366362220227,0.940028729175207
"GFDL-ESM4","JOR",-1.01441879534911,1.31259033523335
"GFDL-ESM4","JPN",-2.97618898932436,1.17979919718222
"GFDL-ESM4","KAZ",-16.0987602303531,1.50902804179756
"GFDL-ESM4","KEN",5.12319927433954,1.05105443682666
"GFDL-ESM4","KGZ",-15.0871419135476,1.45984167672323
"GFDL-ESM4","KHM",13.904791524916,0.964677175835356
"GFDL-ESM4","KOR",-5.80221967352879,1.24025904723534
"GFDL-ESM4","KOS",-10.4652452057152,1.38672860485327
"GFDL-ESM4","KWT",5.87076957286679,1.347977055556
"GFDL-ESM4","LAO",9.50407693856525,1.00949488888431
"GFDL-ESM4","LBN",-1.91839923048567,1.23549539897992
"GFDL-ESM4","LBR",8.3459432790193,1.14052311003108
"GFDL-ESM4","LBY",2.75953828985952,1.18660681848036
"GFDL-ESM4","LKA",11.8354706052094,0.941827068781004
"GFDL-ESM4","LSO",-8.80990065196031,1.42434927038191
"GFDL-ESM4","LTU",-13.8163067364003,1.37234325802547
"GFDL-ESM4","LUX",-8.08424528749993,1.15026833431788
"GFDL-ESM4","LVA",-14.4206313041195,1.39893228725553
"GFDL-ESM4","MAR",-1.40112948420724,1.29408909476592
"GFDL-ESM4","MDA",-11.3804593474427,1.41051455219967
"GFDL-ESM4","MDG",5.51060358778201,1.0257378928248
"GFDL-ESM4","MEX",1.45636180148481,1.19691417853471
"GFDL-ESM4","MKD",-10.1905647405123,1.39911922878171
"GFDL-ESM4","MLI",7.54372642967572,1.38795413054463
"GFDL-ESM4","MMR",11.0710919746661,1.01949961289615
"GFDL-ESM4","MNE",-9.69223299134445,1.34230928171028
"GFDL-ESM4","MNG",-21.3808560033067,1.39979923199912
"GFDL-ESM4","MOZ",4.37339837467121,1.27512064305765
"GFDL-ESM4","MRT",8.51817789704011,1.34706081235979
"GFDL-ESM4","MWI",1.50529454579586,1.32896006768432
"GFDL-ESM4","MYS",11.7662521865692,0.992667359237062
"GFDL-ESM4","NAM",-1.7416027398608,1.56626585700104
"GFDL-ESM4","NCL",8.74116553662422,0.90901826972672
"GFDL-ESM4","NER",10.0609017652236,1.23758573648745
"GFDL-ESM4","NGA",9.81224383769451,1.13807967093394
"GFDL-ESM4","NIC",5.23832343415663,1.37177877374809
"GFDL-ESM4","NLD",-5.49291565435516,1.046303145964
"GFDL-ESM4","NOR",-13.3014967909482,1.24001833816097
"GFDL-ESM4","NPL",5.16928333674876,0.994130312327611
"GFDL-ESM4","NZL",0.32228868351098,0.879664083906665
"GFDL-ESM4","OMN",7.9037010914664,1.28160707824611
"GFDL-ESM4","PAK",3.57414116219067,1.32667743706088
"GFDL-ESM4","PAN",9.97694044810848,1.04462276175959
"GFDL-ESM4","PER",-3.89124458791426,1.33411100390937
"GFDL-ESM4","PHL",12.5779268891264,0.920606719580684
"GFDL-ESM4","PNG",7.30054658026798,0.932740322343746
"GFDL-ESM4","POL",-10.784729038983,1.26717951541161
"GFDL-ESM4","PRI",11.9436460407107,0.900656659030502
"GFDL-ESM4","PRK",-10.2176892099593,1.31394701751543
"GFDL-ESM4","PRT",-0.423075843820282,1.03483306761439
"GFDL-ESM4","PRY",1.19797498102071,1.40015014493851
"GFDL-ESM4","PSX",0.709349958461533,1.28267120925489
"GFDL-ESM4","QAT",8.04756093138505,1.2751212195625
"GFDL-ESM4","ROU",-10.8077675506763,1.38697768414411
"GFDL-ESM4","RUS",-18.5794525493367,1.54508159881208
"GFDL-ESM4","RWA",0.0485063716457519,1.24642473645445
"GFDL-ESM4","SAH",3.57629760767825,1.31128450302471
"GFDL-ESM4","SAU",4.54197701809642,1.42204221095933
"GFDL-ESM4","SDN",10.2547740238643,1.23053565983374
"GFDL-ESM4","SDS",9.87956641154299,1.20356849238842
"GFDL-ESM4","SEN",9.30401669858422,1.20486199659104
"GFDL-ESM4","SLB",14.3784689633101,0.777600225569015
"GFDL-ESM4","SLE",8.95819144728138,1.13908687896614
"GFDL-ESM4","SLV",6.82243790139479,1.24849136006333
"GFDL-ESM4","SOL",9.00748574847021,0.988452036207543
"GFDL-ESM4","SOM",11.9725579834727,1.01860817678574
"GFDL-ESM4","SRB",-8.47308695300715,1.32540692407084
"GFDL-ESM4","SUR",10.5809258210419,1.04749318346326
"GFDL-ESM4","SVK",-11.0522334530072,1.30647490451045
"GFDL-ESM4","SVN",-10.2021295353151,1.34327393611063
"GFDL-ESM4","SWE",-13.5465048656064,1.32778314788388
"GFDL-ESM4","SWZ",-0.672454265297604,1.34389719269502
"GFDL-ESM4","SYR",-2.222367933488,1.35645410704929
"GFDL-ESM4","TCD",9.37671958936263,1.26282809263148
"GFDL-ESM4","TGO",10.0192497537436,1.12319569462082
"GFDL-ESM4","THA",12.9232869910721,0.973370872034428
"GFDL-ESM4","TJK",-12.1457828516042,1.52157274198643
"GFDL-ESM4","TKM",-5.89817099440177,1.42389905212235
"GFDL-ESM4","TLS",10.8014342486163,0.908194241533321
"GFDL-ESM4","TTO",13.2280087994647,0.876124069459403
"GFDL-ESM4","TUN",0.384861627419748,1.23918867416098
"GFDL-ESM4","TUR",-7.73739916658046,1.39709567020846
"GFDL-ESM4","TWN",7.04971746117098,1.02975815082772
"GFDL-ESM4","TZA",5.26557826864177,1.16333406846915
"GFDL-ESM4","UGA",4.2659763725333,1.20439621983432
"GFDL-ESM4","UKR",-12.4032395670902,1.4026943484666
"GFDL-ESM4","URY",3.09103432667542,0.930367898860076
"GFDL-ESM4","USA",-4.0538696202839,1.26763623626883
"GFDL-ESM4","UZB",-7.85064536487838,1.43831414785943
"GFDL-ESM4","VEN",7.13217665391964,1.18634194869841
"GFDL-ESM4","VNM",11.3402370441636,0.952124863892913
"GFDL-ESM4","VUT",13.694469645148,0.758356900275693
"GFDL-ESM4","YEM",5.56192253256294,1.15232184986778
"GFDL-ESM4","ZAF",-2.78129952233906,1.3761918390028
"GFDL-ESM4","ZMB",-0.585682657740112,1.47335609656578
"GFDL-ESM4","ZWE",-3.25160797880581,1.55621493911638
"MIROC-ES2L","AFG",-12.1234187511737,1.48481927147854
"MIROC-ES2L","AGO",4.17951064849048,1.12819798248304
"MIROC-ES2L","ALB",-8.89270691059887,1.37509685721188
"MIROC-ES2L","ARE",3.88952633805772,1.47970650879002
"MIROC-ES2L","ARG",6.3420721352739,0.703027840452944
"MIROC-ES2L","ARM",-13.2175200076168,1.34868678759579
"MIROC-ES2L","ATA",-273.150000000387,2.26674549900976e-11
"MIROC-ES2L","ATF",-273.150000000387,2.26674549900976e-11
"MIROC-ES2L","AUS",0.0125393283102633,1.04677688057832
"MIROC-ES2L","AUT",-16.4636278555533,1.54464065618102
"MIROC-ES2L","AZE",-7.72077907102823,1.31721486884652
"MIROC-ES2L","BDI",0.854680780900178,1.21065391202662
"MIROC-ES2L","BEL",-10.7590015993292,1.33288350571727
"MIROC-ES2L","BEN",9.91592400822968,1.07211053169235
"MIROC-ES2L","BFA",8.02713898590121,1.25472809518354
"MIROC-ES2L","BGD",11.0679414334323,0.921638148358383
"MIROC-ES2L","BGR",-10.7218665031328,1.36610448375828
"MIROC-ES2L","BHS",10.6686970748426,0.857922094278483
"MIROC-ES2L","BIH",-12.4837737765818,1.42629910968029
"MIROC-ES2L","BLR",-22.8636192990852,1.84772211295179
"MIROC-ES2L","BLZ",6.16962027360364,1.2343254336948
"MIROC-ES2L","BOL",-5.9070037998303,1.30799371191837
"MIROC-ES2L","BRA",8.63373010692246,0.91170575864867
"MIROC-ES2L","BRN",13.0785650722683,0.855829395210299
"MIROC-ES2L","BTN",-3.98617011584763,1.10744146302099
"MIROC-ES2L","BWA",-5.28534176319638,1.63913368246966
"MIROC-ES2L","CAF",8.21397637604214,1.09557699799633
"MIROC-ES2L","CAN",-21.4171388553927,1.75661881038057
"MIROC-ES2L","CHE",-14.4900591967115,1.41976225653331
"MIROC-ES2L","CHL",-0.457716717137187,0.83440522927719
"MIROC-ES2L","CHN",-4.59837084066369,1.26045576785822
"MIROC-ES2L","CIV",7.49507840929756,1.16632910806066
"MIROC-ES2L","CMR",5.24082824037613,1.2051004829151
"MIROC-ES2L","COD",4.29660157647682,1.2202824758527
"MIROC-ES2L","COG",7.91780820205521,1.05306611829786
"MIROC-ES2L","COL",4.50080169087167,0.978526663152279
"MIROC-ES2L","CRI",4.10821251922623,1.07081191884662
"MIROC-ES2L","CUB",10.7441269426246,0.935377452387781
"MIROC-ES2L","CYN",1.45967589721761,1.1746738045246
"MIROC-ES2L","CYP",1.49168960586292,1.15587075296326
"MIROC-ES2L","CZE",-17.4713875765572,1.62470317353134
"MIROC-ES2L","DEU",-14.3987184174503,1.49550738761813
"MIROC-ES2L","DJI",11.2038250956884,1.04424389703563
"MIROC-ES2L","DNK",-17.1046424640197,1.60215723711925
"MIROC-ES2L","DOM",9.43865565786846,0.947354374383392
"MIROC-ES2L","DZA",-3.28676018756427,1.30397227309422
"MIROC-ES2L","ECU",3.38536563850413,0.957998270713895
"MIROC-ES2L","EGY",1.93283539458569,1.26553839118495
"MIROC-ES2L","ERI",5.60229089289905,1.10659795815678
"MIROC-ES2L","ESP",-5.63794520942614,1.30075397879603
"MIROC-ES2L","EST",-27.5862978880597,2.07886741231815
"MIROC-ES2L","ETH",3.13319338769432,1.02194765924102
"MIROC-ES2L","FIN",-29.8310480143966,2.12727786602953
"MIROC-ES2L","FJI",13.4308183619494,0.703204212940318
"MIROC-ES2L","FLK",-1.63125795332064,0.518351790454657
"MIROC-ES2L","FRA",-9.25965063901076,1.31232575072586
"MIROC-ES2L","GAB",8.26344037086776,1.04986609034632
"MIROC-ES2L","GBR",-9.0698397990118,1.19396351965181
"MIROC-ES2L","GEO",-10.8798596435931,1.34553734902775
"MIROC-ES2L","GHA",8.31326396879928,1.1502418051741
"MIROC-ES2L","GIN",5.58045755177395,1.25669558009534
"MIROC-ES2L","GMB",9.61631296492132,1.09321111415317
"MIROC-ES2L","GNB",9.13183616537519,1.15528320459559
"MIROC-ES2L","GNQ",6.84753283886185,1.0989340162821
"MIROC-ES2L","GRC",-4.89519846983153,1.30147681489748
"MIROC-ES2L","GRL",-21.4912912743337,1.156453285333
"MIROC-ES2L","GTM",0.868902894181328,1.22989838997951
"MIROC-ES2L","GUY",5.36880138434428,1.29556368531799
"MIROC-ES2L","HND",4.04311674396122,1.21181456380489
"MIROC-ES2L","HRV",-11.2125216539063,1.45277089098803
"MIROC-ES2L","HTI",11.1464851190685,0.873308217682083
"MIROC-ES2L","HUN",-14.2642435667641,1.57540551141815
"MIROC-ES2L","IDN",11.4159273893412,0.896906960661625
"MIROC-ES2L","IND",9.51236116314769,1.0086991101059
"MIROC-ES2L","IRL",-6.10561579088328,0.996255526945206
"MIROC-ES2L","IRN",-7.94364388188926,1.4716405665027
"MIROC-ES2L","IRQ",0.455034457830336,1.47386126591379
"MIROC-ES2L","ISL",-14.3956122736526,1.17090492231313
"MIROC-ES2L","ISR",0.681831604114053,1.22026274083056
"MIROC-ES2L","ITA",-7.9928422038896,1.36806023213817
"MIROC-ES2L","JAM",10.8609454431659,0.926157357122471
"MIROC-ES2L","JOR",-1.85574218254758,1.28403766695387
"MIROC-ES2L","JPN",-4.27812916529643,1.18834491694521
"MIROC-ES2L","KAZ",-19.1032446508505,1.5969668101659
"MIROC-ES2L","KEN",2.59030986019509,1.13796156141355
"MIROC-ES2L","KGZ",-14.6085216965333,1.35111363967695
"MIROC-ES2L","KHM",17.9251810961468,0.652938935136966
"MIROC-ES2L","KOR",-8.52888270920359,1.33492979807591
"MIROC-ES2L","KOS",-11.5815750490888,1.38560575627012
"MIROC-ES2L","KWT",1.10983715956759,1.5512430883603
"MIROC-ES2L","LAO",12.1672193539273,0.779247635908185
"MIROC-ES2L","LBN",-3.74608477930663,1.2706467850062
"MIROC-ES2L","LBR",7.11466390928422,1.1446105260605
"MIROC-ES2L","LBY",-0.963173675008819,1.34290511068415
"MIROC-ES2L","LKA",13.4668984121972,0.783128281228473
"MIROC-ES2L","LSO",-5.77612217738354,1.14313528855786
"MIROC-ES2L","LTU",-22.609939212769,1.8379187593207
"MIROC-ES2L","LUX",-12.5668414407726,1.37934861143189
"MIROC-ES2L","LVA",-24.8300200053731,1.95846449069565
"MIROC-ES2L","MAR",-1.80086042699325,1.24600958927514
"MIROC-ES2L","MDA",-16.2319090305131,1.64695962910213
"MIROC-ES2L","MDG",4.47830110072163,1.02321806464162
"MIROC-ES2L","MEX",-2.86553635391816,1.38791012037874
"MIROC-ES2L","MKD",-11.2713967431371,1.39183924277473
"MIROC-ES2L","MLI",5.6699579474537,1.40443220667613
"MIROC-ES2L","MMR",15.4302498335447,0.690843758197596
"MIROC-ES2L","MNE",-11.4411773084826,1.38149532696983
"MIROC-ES2L","MNG",-28.9372540059149,1.76792568222562
"MIROC-ES2L","MOZ",5.42723476129662,1.12455452327794
"MIROC-ES2L","MRT",7.32816897623939,1.33212568838774
"MIROC-ES2L","MWI",1.48428793307507,1.23533257051642
"MIROC-ES2L","MYS",13.9904999943299,0.791165650596826
"MIROC-ES2L","NAM",0.92967443574603,1.2993889278442
"MIROC-ES2L","NCL",9.56299745201452,0.806129670330951
"MIROC-ES2L","NER",8.02442211403748,1.27041101716077
"MIROC-ES2L","NGA",10.1142559980596,1.04128640268858
"MIROC-ES2L","NIC",7.61857511083092,1.14924721891729
"MIROC-ES2L","NLD",-10.9015292907962,1.33483446394737
"MIROC-ES2L","NOR",-19.166497991815,1.5387975604552
"MIROC-ES2L","NPL",1.54531275765555,1.16448426791836
"MIROC-ES2L","NZL",-0.874408840396118,0.9158683234443
"MIROC-ES2L","OMN",7.8657244756885,1.20858281658089
"MIROC-ES2L","PAK",1.12178825220223,1.3965239650792
"MIROC-ES2L","PAN",10.4515882523402,0.951842804218572
"MIROC-ES2L","PER",-0.834504509254906,1.0607204670335
"MIROC-ES2L","PHL",13.363759361364,0.809906275881974
"MIROC-ES2L","PNG",9.03461076888377,0.769079731712148
"MIROC-ES2L","POL",-18.5624820666508,1.69184270184624
"MIROC-ES2L","PRI",9.58218174924685,0.991566298002441
"MIROC-ES2L","PRK",-13.1638693660652,1.40631489262614
"MIROC-ES2L","PRT",-1.56206771988983,1.05022753009747
"MIROC-ES2L","PRY",11.6845906597739,0.701589788833162
"MIROC-ES2L","PSX",-0.237941013097418,1.26257355845012
"MIROC-ES2L","QAT",1.64868452559515,1.57868647053141
"MIROC-ES2L","ROU",-13.6312207664931,1.49865689101159
"MIROC-ES2L","RUS",-25.0839294922168,1.84951972234639
"MIROC-ES2L","RWA",-0.253589661823712,1.19370238234854
"MIROC-ES2L","SAH",3.78814220149752,1.21707575915328
"MIROC-ES2L","SAU",1.12277024129405,1.53807933860113
"MIROC-ES2L","SDN",8.53820657825099,1.24260091648905
"MIROC-ES2L","SDS",10.2804871070281,1.0891325625555
"MIROC-ES2L","SEN",9.86850993040155,1.09075212484163
"MIROC-ES2L","SLB",13.5122814055749,0.78727813406273
"MIROC-ES2L","SLE",6.95889713011555,1.19127665966525
"MIROC-ES2L","SLV",7.45006502233824,1.14569241630419
"MIROC-ES2L","SOL",6.42729841088836,1.08815666494105
"MIROC-ES2L","SOM",11.6213853064665,0.977641806633067
"MIROC-ES2L","SRB",-11.5900372101364,1.45503369473743
"MIROC-ES2L","SUR",7.65815601924187,1.17575920786294
"MIROC-ES2L","SVK",-16.9781570233613,1.61195453497017
"MIROC-ES2L","SVN",-13.2418590047386,1.46326806658088
"MIROC-ES2L","SWE",-21.9019136394523,1.77320754898049
"MIROC-ES2L","SWZ",3.20279921190875,1.01850249795607
"MIROC-ES2L","SYR",-3.53778215901226,1.35553340642371
"MIROC-ES2L","TCD",10.4504739667907,1.10050127873497
"MIROC-ES2L","TGO",8.57858079661326,1.13693526810809
"MIROC-ES2L","THA",17.1762426979723,0.644482856208307
"MIROC-ES2L","TJK",-10.2874713251769,1.31958713850104
"MIROC-ES2L","TKM",-8.61890550881609,1.49981099131734
"MIROC-ES2L","TLS",10.9905547950633,0.838546995526433
"MIROC-ES2L","TTO",7.52984406496467,1.17343445532027
"MIROC-ES2L","TUN",-1.82843582388088,1.30718059457878
"MIROC-ES2L","TUR",-7.18878583482091,1.28503208016281
"MIROC-ES2L","TWN",4.61194467213932,1.11821805237051
"MIROC-ES2L","TZA",3.88028831058808,1.16797789190292
"MIROC-ES2L","UGA",3.86486923067633,1.1545752513319
"MIROC-ES2L","UKR",-18.8126210112606,1.7288413904551
"MIROC-ES2L","URY",8.71743964453929,0.544733262482842
"MIROC-ES2L","USA",-9.372324719245,1.51028420682446
"MIROC-ES2L","UZB",-7.74921799374659,1.34726942681747
"MIROC-ES2L","VEN",5.47998784823802,1.22704522083803
"MIROC-ES2L","VNM",11.5465355807852,0.87179626793054
"MIROC-ES2L","VUT",13.1601852445348,0.751297613694973
"MIROC-ES2L","YEM",3.54700940825044,1.20566892641256
"MIROC-ES2L","ZAF",-0.941023250693289,1.17329779676759
"MIROC-ES2L","ZMB",0.823357060111968,1.28989223183112
"MIROC-ES2L","ZWE",-3.01486158844788,1.43985626721841
"MIROC6","AFG",-13.1501843589438,1.53526499878008
"MIROC6","AGO",2.89422022395248,1.18580902552628
"MIROC6","ALB",-14.7758309236749,1.72325724150014
"MIROC6","ARE",0.462951499432815,1.66765617473944
"MIROC6","ARG",6.83075607828406,0.658699790184524
"MIROC6","ARM",-17.1997590488452,1.58400073221327
"MIROC6","ATA",-273.150000000345,2.00787702515073e-11
"MIROC6","ATF",-273.150000000345,2.00787702515073e-11
"MIROC6","AUS",1.348059186038,0.961290823042479
"MIROC6","AUT",-16.7705317741857,1.52492807270856
"MIROC6","AZE",-8.8084563453395,1.38085920530098
"MIROC6","BDI",2.16881800548221,1.11550534707365
"MIROC6","BEL",-9.34622927546762,1.20735157870007
"MIROC6","BEN",10.8716660172401,0.999224694986159
"MIROC6","BFA",8.57936677666269,1.21519278650304
"MIROC6","BGD",13.0846295313559,0.78930321008553
"MIROC6","BGR",-17.0529716412105,1.7251976203006
"MIROC6","BHS",9.95773226418418,0.898880775028614
"MIROC6","BIH",-17.7196940237297,1.72060621226379
"MIROC6","BLR",-22.9492271266801,1.81485401453892
"MIROC6","BLZ",4.82927918633172,1.29477724608545
"MIROC6","BOL",-6.68282020409536,1.34141899205964
"MIROC6","BRA",5.81161931355128,1.06862028410505
"MIROC6","BRN",12.3961742037087,0.886349738192791
"MIROC6","BTN",-2.56333225794574,1.00763972360018
"MIROC6","BWA",-4.65312428294828,1.57391333635305
"MIROC6","CAF",6.32868538162635,1.19995271884865
"MIROC6","CAN",-23.8071575728532,1.86660189576929
"MIROC6","CHE",-14.8984778416046,1.41152481588962
"MIROC6","CHL",-4.08347092666421,1.03225525331665
"MIROC6","CHN",-5.67280400117937,1.29469912417984
"MIROC6","CIV",8.57670164451684,1.08633609517116
"MIROC6","CMR",5.68862960426977,1.16278684170862
"MIROC6","COD",2.47372302293223,1.31473522740383
"MIROC6","COG",8.18375211045306,1.02645633122511
"MIROC6","COL",4.33064564730768,0.970088474234495
"MIROC6","CRI",1.89784459996659,1.1779749827856
"MIROC6","CUB",8.02022376448125,1.09289384299279
"MIROC6","CYN",0.385642019249886,1.23056995295409
"MIROC6","CYP",1.30797268913196,1.1581312940115
"MIROC6","CZE",-16.0540331093643,1.49515310375884
"MIROC6","DEU",-13.0643794654977,1.37251990645499
"MIROC6","DJI",14.439628494567,0.810959750684541
"MIROC6","DNK",-13.9610042625607,1.36382567999886
"MIROC6","DOM",5.00671040524424,1.20903262796785
"MIROC6","DZA",-5.80422907841363,1.4488375653842
"MIROC6","ECU",4.22976154094215,0.8945404216205
"MIROC6","EGY",0.193423191998998,1.37094343927592
"MIROC6","ERI",8.88676360472736,0.887114588473052
"MIROC6","ESP",-10.7368077727743,1.58654419672633
"MIROC6","EST",-22.9500386441914,1.73883360064574
"MIROC6","ETH",4.24576985760563,0.931004458004348
"MIROC6","FIN",-25.2343692653179,1.79517007590893
"MIROC6","FJI",13.0516844243344,0.708851712514277
"MIROC6","FLK",0.086914380271886,0.408633495879447
"MIROC6","FRA",-9.70089745188291,1.307488338208
"MIROC6","GAB",7.11597444516676,1.10657480673182
"MIROC6","GBR",-5.61549600002151,0.950698822403752
"MIROC6","GEO",-13.2920730497221,1.47619220698872
"MIROC6","GHA",10.1436948485189,1.02362607053618
"MIROC6","GIN",4.27511117594489,1.3227951569849
"MIROC6","GMB",10.1385194709777,1.04659258638712
"MIROC6","GNB",8.86931842293727,1.158591318128
"MIROC6","GNQ",6.28946216650943,1.11857138953713
"MIROC6","GRC",-11.4170663421942,1.69501502644311
"MIROC6","GRL",-24.2633902625502,1.33531926609594
"MIROC6","GTM",-3.84508773406616,1.48466307361307
"MIROC6","GUY",5.69507363642215,1.2484194305387
"MIROC6","HND",-1.89475092242821,1.54927460666009
"MIROC6","HRV",-16.5477008394548,1.75093120421056
"MIROC6","HTI",6.28330966117662,1.16724544625699
"MIROC6","HUN",-16.690984987412,1.67836123732491
"MIROC6","IDN",11.8707287733279,0.860212673462829
"MIROC6","IND",12.1158388482042,0.83030792691081
"MIROC6","IRL",-2.59609278065009,0.758298469848126
"MIROC6","IRN",-6.66726005818662,1.38948661217835
"MIROC6","IRQ",-1.11288825348922,1.56212872050808
"MIROC6","ISL",-10.5088352130703,0.892065716151847
"MIROC6","ISR",-0.774694871126809,1.30609979202326
"MIROC6","ITA",-11.4599554962658,1.56101629426462
"MIROC6","JAM",9.9216752667805,0.975894183029303
"MIROC6","JOR",-4.61356758514352,1.44842640202199
"MIROC6","JPN",-5.87758972608669,1.26534124033055
"MIROC6","KAZ",-20.9966404359844,1.7173854784273
"MIROC6","KEN",4.73623208082026,0.980460178897658
"MIROC6","KGZ",-15.7956429966955,1.42833727736155
"MIROC6","KHM",13.0764109813895,0.935281903151088
"MIROC6","KOR",-9.46027265504602,1.35138641935598
"MIROC6","KOS",-15.5332826152047,1.60784576953382
"MIROC6","KWT",-0.339431967388496,1.62236775872833
"MIROC6","LAO",6.54026121724075,1.10728806370883
"MIROC6","LBN",-5.03262399098151,1.34164299162524
"MIROC6","LBR",7.26197100072351,1.12241826056895
"MIROC6","LBY",-2.10951042073823,1.41200325644727
"MIROC6","LKA",13.2152698818578,0.777592586954596
"MIROC6","LSO",-8.7528968540493,1.32120803326954
"MIROC6","LTU",-20.932082740242,1.69235774252596
"MIROC6","LUX",-12.5125039361909,1.3393490380472
"MIROC6","LVA",-21.0453583454076,1.67716875562121
"MIROC6","MAR",-5.49147557479404,1.44689341264818
"MIROC6","MDA",-18.5617869441091,1.74944259070992
"MIROC6","MDG",2.36150592528369,1.14417236304179
"MIROC6","MEX",-2.75458557482294,1.37045537661652
"MIROC6","MKD",-16.3379875313921,1.68609336808823
"MIROC6","MLI",6.40715861099505,1.35616969178567
"MIROC6","MMR",12.1250866084122,0.881140864362211
"MIROC6","MNE",-16.2102471196707,1.65395870292364
"MIROC6","MNG",-29.6381920151323,1.80262009959184
"MIROC6","MOZ",2.33751343918857,1.29402584694116
"MIROC6","MRT",7.08870555176158,1.33417655857787
"MIROC6","MWI",-1.66553048700938,1.40358843515058
"MIROC6","MYS",13.4302944085547,0.812606897720618
"MIROC6","NAM",-3.47749087140703,1.54545503330641
"MIROC6","NCL",9.20743312152374,0.813161632187987
"MIROC6","NER",12.0884681446243,1.02008721215676
"MIROC6","NGA",11.0377905156125,0.974460761737834
"MIROC6","NIC",4.33302990481086,1.32366326876602
"MIROC6","NLD",-7.39840425017723,1.07883981556601
"MIROC6","NOR",-20.0817932314965,1.5419978798089
"MIROC6","NPL",5.21957807961902,0.930469929542005
"MIROC6","NZL",0.678977313875454,0.802796996816079
"MIROC6","OMN",7.08674492752342,1.23577473185716
"MIROC6","PAK",2.93789710733828,1.27473615193066
"MIROC6","PAN",10.7431937485322,0.918877445743138
"MIROC6","PER",-1.47004660389963,1.08381889592663
"MIROC6","PHL",11.9317648133132,0.88344241320686
"MIROC6","PNG",8.07905638783437,0.814264655208668
"MIROC6","POL",-17.7611206909089,1.59318103238875
"MIROC6","PRI",9.31337476508017,0.996594463822418
"MIROC6","PRK",-15.0579015469885,1.48168924475204
"MIROC6","PRT",-2.66798173631326,1.09522226274361
"MIROC6","PRY",8.75962882920741,0.862235509659176
"MIROC6","PSX",-2.65078074002831,1.40647625130897
"MIROC6","QAT",-1.73895998689223,1.76522494633845
"MIROC6","ROU",-17.1333806500545,1.67492108312606
"MIROC6","RUS",-24.9418089728423,1.82260381562046
"MIROC6","RWA",0.472418129704581,1.1336738950178
"MIROC6","SAH",0.85374963009481,1.37083995484683
"MIROC6","SAU",1.11297319270157,1.51994564943782
"MIROC6","SDN",10.1482264947602,1.13241946334971
"MIROC6","SDS",10.9314526297794,1.03157357949467
"MIROC6","SEN",11.0239194100007,1.00701254700736
"MIROC6","SLB",13.7346073494083,0.75702389566341
"MIROC6","SLE",6.77037418573152,1.19214023983854
"MIROC6","SLV",3.30941306598622,1.36538323513428
"MIROC6","SOL",9.80049969095592,0.841670691431363
"MIROC6","SOM",12.7571934911219,0.888746988667342
"MIROC6","SRB",-15.0769636536966,1.63732452394737
"MIROC6","SUR",7.42877756580048,1.16240536827442
"MIROC6","SVK",-17.0209087081689,1.56796862225501
"MIROC6","SVN",-16.5642746436976,1.63605355676534
"MIROC6","SWE",-18.5395389508134,1.52072338925676
"MIROC6","SWZ",2.78699653510254,1.03560985764783
"MIROC6","SYR",-6.72321949350094,1.54218023629995
"MIROC6","TCD",13.6423501637112,0.898555004410069
"MIROC6","TGO",10.536189351662,1.00192491538188
"MIROC6","THA",11.241457921934,0.993078383777565
"MIROC6","TJK",-12.4853281934952,1.45460508366308
"MIROC6","TKM",-9.26494039063204,1.53194237162654
"MIROC6","TLS",11.1397705698662,0.819085656047217
"MIROC6","TTO",9.889395800993,1.01134136388929
"MIROC6","TUN",-4.21563425785241,1.44593021748884
"MIROC6","TUR",-11.47891287637,1.53535300008215
"MIROC6","TWN",5.23737318890642,1.05753367069919
"MIROC6","TZA",3.13512232421299,1.19290164246461
"MIROC6","UGA",3.84823644731794,1.13555374141269
"MIROC6","UKR",-20.1045971045674,1.77333385641727
"MIROC6","URY",9.62456421918617,0.477946559362755
"MIROC6","USA",-10.9032066649622,1.58186317656873
"MIROC6","UZB",-9.72042093281098,1.46690603110763
"MIROC6","VEN",3.86266088986894,1.30392188334167
"MIROC6","VNM",8.53211820244602,1.03537874294267
"MIROC6","VUT",11.9876135294971,0.801263078093745
"MIROC6","YEM",10.5519873993693,0.74377414873482
"MIROC6","ZAF",-1.49486379530273,1.19959107251318
"MIROC6","ZMB",-0.951982983792981,1.37401789285538
"MIROC6","ZWE",-4.0282308495298,1.47820684902951
