"run_id","ssp126","ssp370"
430,1.05742496905349,2.16016034609779
1914,1.07405474600841,2.17747816684277
151,1.14334140555984,2.14906897996102
956,1.07774281520177,2.29189372268922
704,1.08335043401487,2.36658973456655
303,1.22278987946174,2.27821692351851
259,1.15105687063939,2.35852545583357
1410,1.15641879518743,2.37608409015012
1068,1.20456523331882,2.33850548701309
1829,1.16671342262753,2.39083479823879
743,1.0141707418242,2.55103654959926
1164,1.296620347782,2.27708056774512
700,1.14446721165413,2.46157338443797
694,1.18524236458443,2.44645434886846
1693,1.20594736633892,2.43161164515583
1906,1.14796430605963,2.50816524378516
1843,1.13038283827596,2.53855265445001
2044,1.28740861366132,2.39016585581917
1150,1.15501545056662,2.52867009247146
2181,1.06369886943135,2.62290346616224
1208,1.22749087122166,2.4777712086709
1958,1.15491701309319,2.55040639231737
1591,1.24490517645469,2.46772529907674
716,1.3030511878625,2.41424789022604
1151,1.16306730708634,2.55584794913813
620,1.23640161033859,2.48920054459957
1447,1.22087098014224,2.51219617911897
1650,1.28882123942848,2.4446080592205
1278,1.20190085990649,2.53192226920331
2159,1.21586632075136,2.5198008080727
2,1.20522024652302,2.53437165783348
760,1.15456495591521,2.5850299192647
441,1.24548914706525,2.50130543049593
579,1.12697280931798,2.63166774028691
1838,1.28217048559062,2.48011206506094
1999,1.22361605487584,2.53883464998942
1985,1.26380524798528,2.50614218667994
691,1.1658208530662,2.60609120183054
2210,1.27017663435582,2.5078264634966
1181,1.1418859685128,2.63775360158515
389,1.26801805339418,2.51295925866556
1686,1.22924254668842,2.57068049794341
2068,1.32184912375707,2.47838285942206
2021,1.20965519779264,2.6079597481796
2035,1.22444517092442,2.59882163947445
819,1.23212599191292,2.59585884247497
686,1.32458184628569,2.50387024644517
226,1.25253035303919,2.58126167758589
2036,1.26631316966515,2.57220609556766
2226,1.19576971245356,2.65029146062426
84,1.11558823131039,2.73220863061078
1701,1.19994466256084,2.65024873080398
1782,1.20476411989418,2.64986825843495
1797,1.15470435917222,2.70104851379544
1071,1.27500158458543,2.58227437004816
706,1.16350777237774,2.69950483965451
897,1.29744171742633,2.57580075056419
2200,1.33842355407697,2.53713501089374
1900,1.3143027321607,2.567181371994
45,1.30750074085766,2.58828332322897
1136,1.23958621129259,2.65839346294555
1433,1.2051262858104,2.69305191051362
1569,1.22345788977236,2.67666320814394
526,1.1957568510832,2.70580137118363
1052,1.31576139851627,2.59139489224316
1355,1.36935866272652,2.54142838732964
1502,1.20524697054154,2.71259288303488
2196,1.25162187878557,2.6663637323563
1962,1.31339171046692,2.60780435359001
2005,1.21413890871056,2.70882404497647
1259,1.33798935524603,2.58516308480446
974,1.30542072258738,2.61847032319025
1106,1.30792588983408,2.61934622581415
1481,1.17865750787244,2.75001977062089
2155,1.22954953667417,2.69985700243928
1524,1.28354271020069,2.64698232687033
644,1.29587988987076,2.63740699318455
1587,1.1833640622702,2.75558733795459
1748,1.24454980620766,2.69694970915685
2088,1.26178083984384,2.68364440530438
1564,1.18649769614534,2.76313004860677
413,1.19110164031444,2.7615032093296
1044,1.23611412496302,2.71748034549017
568,1.24620999233648,2.71057275760068
1,1.24585969549529,2.72103030140107
378,1.36032012579313,2.60962227912131
2058,1.25600901199002,2.71876950600324
2081,1.22397737990163,2.75180192396848
673,1.34061628867345,2.63980579572132
1006,1.24147668946126,2.74365627505934
1403,1.41476058373212,2.5790872335503
533,1.30044893407083,2.69364489014077
263,1.32429317917946,2.67052163147432
1492,1.1729570338573,2.82385863813413
1630,1.29476588706421,2.7040633332451
1544,1.36713498216915,2.63225509265015
496,1.39026191313089,2.60995286707302
1922,1.30877965171759,2.69330361873527
416,1.34454919944505,2.65957053922397
605,1.25353446356671,2.75242708239939
1954,1.28181238779153,2.72677570561096
1050,1.32940981399094,2.68029917040407
2187,1.30648966430467,2.70322754753066
1388,1.20925800458086,2.80242172216144
136,1.25058050793762,2.76189161083094
844,1.30376851647148,2.71037307439762
2016,1.18514588759419,2.83010121311839
731,1.29846652271473,2.71850920038399
1284,1.23863095530945,2.7811551681399
803,1.31900063798272,2.70089262203844
1594,1.18809496121224,2.83346984400359
1851,1.23868449957279,2.78417700998166
623,1.27469548478121,2.75224457881284
454,1.32444915314782,2.70670133424706
179,1.3116851476859,2.72212221435687
1353,1.42757835035015,2.60877720581687
955,1.15593416976668,2.88248813587025
921,1.21208202163368,2.82643611860885
425,1.28950718528434,2.75734521667644
917,1.28845745181529,2.75916896238361
213,1.20151787029658,2.84825105869515
958,1.2439969218544,2.8071376572792
1733,1.33648441736445,2.71716050899276
855,1.2689633093219,2.78639762115883
1713,1.29548638193226,2.76112761718239
954,1.18759500914208,2.87260144358281
1580,1.30101795112797,2.76463144838692
1001,1.27980886577011,2.78611271342993
305,1.2975635126894,2.76989413480768
1810,1.3491599462148,2.71897346192281
1668,1.39554283996434,2.67277522444366
348,1.30223977000003,2.77384127153797
1990,1.34282674122349,2.73424546795007
915,1.38082009380571,2.69822898483309
624,1.30670325380898,2.77274088430533
674,1.20269220284966,2.88193590332807
1673,1.18476321725164,2.90264631610771
1576,1.25340497317159,2.83473114840152
764,1.2826100178208,2.8058467453157
1506,1.31275514951394,2.77744208046155
972,1.38380160715952,2.70780158657477
940,1.20108903124282,2.89134048363984
2199,1.27718121705877,2.81908097750123
1687,1.37771948085776,2.71869150295491
1156,1.32836966548745,2.77684115661128
529,1.35972201127358,2.74627502993314
1760,1.45747204859933,2.64921187998571
2095,1.30701430662599,2.80205374631895
1655,1.25830012386338,2.8508328272049
1966,1.28234104254025,2.82684556822158
1755,1.29600576771332,2.8160414570121
1669,1.29444140458812,2.82004578234446
592,1.23150734646582,2.88609779829906
1424,1.28529836533187,2.83294589596976
1232,1.30851841983302,2.811568541629
1274,1.30152542691762,2.82326017274428
230,1.21062446966188,2.91500025698162
1601,1.38830508797457,2.73771866367681
340,1.32450170740953,2.80384987304563
2009,1.28507110919351,2.84498870498973
49,1.33944575754769,2.79155197179484
1840,1.34854583022269,2.7838075151165
631,1.33967234060863,2.7935429325973
1113,1.36676167502261,2.76910361263086
321,1.36527686905893,2.77075197633265
2168,1.28226463645115,2.85379855287742
19,1.3052883002196,2.83240779171486
1773,1.30438299724148,2.83495623083658
2060,1.2705256039726,2.86945819779144
2121,1.31177519443906,2.83121808999433
1666,1.3295800027855,2.81461031672491
369,1.41220433790626,2.73204779880252
949,1.37467795338439,2.76990405382519
1747,1.28379347754281,2.86105446343179
2055,1.41666068560063,2.72846301785209
559,1.23617475451963,2.91009685008587
1939,1.39659964463366,2.7519931808448
2147,1.34696181315426,2.80358318346417
2129,1.30112396226157,2.85175189530461
2173,1.40192987895413,2.75195438259092
907,1.33149343404547,2.82355551512008
1464,1.35478352802309,2.80263363395256
470,1.33318705824445,2.82476105040057
78,1.41710253566757,2.74192168397506
420,1.351028554368,2.80975736415141
1711,1.41607573225268,2.74587028037149
1824,1.28613200353503,2.87940892545507
857,1.37683926760585,2.79054429651397
2010,1.37960437998002,2.79065495761125
1971,1.38856380857638,2.78344033971455
129,1.33480793721716,2.83734362142663
160,1.48698024440544,2.68674491115042
252,1.26173183014117,2.91635540327158
1375,1.39128325434386,2.78775827816911
1554,1.37235331796428,2.81235907540408
294,1.38285586999606,2.80204961494863
1285,1.27749274995342,2.90833747164676
26,1.37292914521759,2.81340519102427
1562,1.26708082798527,2.92043147338288
1009,1.36376995124491,2.82470309520236
400,1.33680443712592,2.8520187316393
1390,1.27197782223298,2.91763448968026
1188,1.23168270673462,2.95839207199574
1192,1.25419241418961,2.93984617453253
214,1.3415411694141,2.85426929392376
170,1.48840498935255,2.70740676222808
1982,1.34719620470076,2.84885102156819
1827,1.37256156104176,2.82520205458296
818,1.23095057122538,2.96721523507105
759,1.48364434834539,2.71773642483344
1000,1.39051726941187,2.81373040580214
2093,1.40301364188876,2.80631046974436
2069,1.33579972868956,2.87389170140244
1703,1.29299386455096,2.91769020699699
1814,1.3601829115224,2.85295569303912
112,1.33449890330134,2.87915724808213
557,1.47384863772782,2.74272501853665
799,1.29817151691158,2.91893585822412
1512,1.45554578370494,2.76231045575885
1907,1.35457381837192,2.86344139328512
1436,1.26061910733023,2.95757569486767
455,1.47739879807514,2.74124727443657
616,1.40929810069061,2.80952550058211
1791,1.42435553913893,2.79463487737339
638,1.27423841517971,2.94552532782744
1561,1.35211991215158,2.86873984396497
232,1.28417403472658,2.93723568005971
1560,1.49297353040472,2.72870431884334
1480,1.41913021894643,2.80472899655234
1776,1.34025654533638,2.88368662632841
370,1.33615030569652,2.88885951907958
468,1.45956171436148,2.76846860659086
1583,1.43954600086605,2.79012229645651
1385,1.23420600295151,2.99673771513891
883,1.29168169514901,2.93935655804869
1973,1.34719261098543,2.88597468852607
628,1.413159550419,2.82001602444986
1211,1.2788723338659,2.95760036507694
1082,1.43903540602125,2.79892819962524
1905,1.38435463991723,2.85451046019407
1643,1.29513445048051,2.94419930416384
1339,1.29978481873222,2.9406667190162
969,1.4200254778287,2.82136363804926
1263,1.31231657432275,2.93299177509607
1221,1.32399559543679,2.92307342123696
184,1.39753156142578,2.85216322730265
781,1.30882365541892,2.94151993189407
2160,1.35592726296805,2.89461305537064
453,1.31232590386711,2.93891054809008
971,1.41635295498342,2.83548497025132
1744,1.25372620709045,2.99866062139404
6,1.41157418980228,2.84132411115091
1956,1.36674061519581,2.88640189929044
482,1.29334889140721,2.96295548833158
1103,1.24886827978137,3.0084923455791
1413,1.33275284870783,2.92498637190711
493,1.33141568010822,2.92651063325471
588,1.34715519273093,2.91093435705009
22,1.27596368548947,2.98304106276603
2157,1.59253816301303,2.66677063187446
1212,1.36019276577453,2.90051542395622
854,1.35585564536818,2.90628312930827
270,1.31893095669735,2.94350593708939
1618,1.37172279437336,2.89118617924615
1351,1.40148083365435,2.8617427827782
1370,1.35495463203386,2.9106571549811
723,1.34404008934912,2.92181699210101
1112,1.34954664185295,2.91782331786846
1302,1.35330601183649,2.91590067286232
1047,1.30565631123106,2.96396930002934
399,1.4410504658111,2.82935946168389
762,1.43101688135317,2.83951803359936
632,1.45488482547988,2.81764615620337
621,1.41274199386916,2.86016689458372
1795,1.45212547254364,2.82164071859758
317,1.32774662969132,2.94609851250678
1825,1.38316638511133,2.89192047633639
994,1.417393814471,2.85867905748093
326,1.28525576066937,2.99137446046303
748,1.43498503534635,2.84280210013344
1565,1.38246727066182,2.89684703713669
1109,1.41417035847078,2.86615319778298
1298,1.42932901261811,2.85107656247418
307,1.33619977217938,2.9442199360401
2109,1.21082046368776,3.0696978652307
1194,1.36625878357328,2.91435276300047
1785,1.42072183397203,2.86177322321759
761,1.35511372165528,2.92801100712947
1800,1.36926858865521,2.91774403390363
739,1.42560768973601,2.86244406847404
249,1.38800142784475,2.90124575542983
2214,1.42708284938395,2.86225184547667
1937,1.41882245901378,2.87219086188577
1422,1.365156918442,2.92667047138325
1975,1.35746467401763,2.93452282944561
1425,1.42724096243473,2.86521512693284
343,1.36388946489528,2.92984827649717
1491,1.42186839822859,2.87295234920682
647,1.42613903191246,2.86921210758723
812,1.33321772621253,2.96394881721085
253,1.51670437403483,2.78059664899541
977,1.26230619727233,3.03546149740108
133,1.45782182835502,2.84423072926365
1073,1.42986174931461,2.87277544332923
1261,1.36128341977289,2.94216506922177
1160,1.38437810615616,2.91910798758301
608,1.46441275251469,2.83936047139823
274,1.39088716200746,2.91330034295842
132,1.43655146085452,2.86763819989567
987,1.37536247745859,2.92885486884913
102,1.44190038843651,2.8631638446348
1484,1.4318514946467,2.87368850598697
1883,1.45692128615843,2.85245183554588
1577,1.45114033756985,2.85848818466745
1860,1.44518704669295,2.86584875073271
515,1.43885466295728,2.87239104583203
980,1.45242080746345,2.85897606432513
1559,1.29070730583806,3.0219513431395
1275,1.34159587289479,2.97330044166176
2002,1.45549564949102,2.86027075288938
1915,1.33793366756962,2.97839356019277
813,1.31911661277391,2.9992292620021
1248,1.4561280098618,2.86287544028048
989,1.44777681551622,2.87136660621995
1855,1.55699033887601,2.76236454758833
116,1.37180177022185,2.94788607341982
924,1.31500219776193,3.00559489072277
885,1.41445962299878,2.90631698568205
333,1.46588005066426,2.85510313084617
2059,1.27479859872849,3.04673800378918
1140,1.42644720451863,2.89516730840786
672,1.42774525942462,2.89401884658392
1961,1.42478841731432,2.89867606104454
1804,1.49013223384408,2.83406514531033
2169,1.41286565007201,2.91542809657388
2078,1.39844376981989,2.93007144184663
1903,1.51928788787256,2.81075475640042
1808,1.43111571172131,2.89959159333973
1342,1.3438107436163,2.98786583816337
1064,1.37202869982827,2.96033944058178
660,1.47602734304892,2.85732781382141
1735,1.35046854532343,2.98513796105859
289,1.50442897491121,2.83229364018689
1634,1.40871725291079,2.92937427928287
853,1.37058051980838,2.97472212344839
828,1.45689378541309,2.88844988937074
2139,1.36832742272223,2.97857237804313
56,1.35061485308179,2.99875840818749
1238,1.49360932159338,2.85675227639521
445,1.34062084077809,3.01008229441666
992,1.33434801014548,3.01671293501569
578,1.32505114431447,3.02806556006301
79,1.38620442490543,2.96693213687518
1346,1.4625032288898,2.89084658234201
244,1.44183600280919,2.91365892457423
1465,1.4553392063536,2.90099656192345
2046,1.55586894355893,2.80094321761554
2205,1.42355377642436,2.93420881004063
984,1.42565689882507,2.93346036079845
1715,1.4812932598381,2.87845297719882
457,1.42947934746971,2.93048638993812
245,1.44672940560342,2.91489190192737
1143,1.42736879458615,2.93442180198956
861,1.32619903726583,3.03618632242611
286,1.3721589955991,2.99075962590509
1610,1.52006936063987,2.84337932827463
906,1.4610293031551,2.90359510404476
635,1.46144060009012,2.90364162074665
741,1.52865620185486,2.83721163200042
684,1.31470309685821,3.05374434661949
1933,1.42604784515001,2.94308992388973
587,1.48332490441102,2.8874729051129
17,1.4029431852382,2.96910694031515
903,1.44944611717417,2.92267529703078
871,1.47452639968267,2.89960166398669
1521,1.3825459734483,2.99305449199115
1649,1.49435892587122,2.88328568611659
1396,1.44780830877622,2.93102793174596
92,1.28598180476662,3.09326253555927
527,1.48257055655143,2.89856444896151
353,1.37223985254198,3.01026159687657
1874,1.56493499301341,2.81888928148372
1590,1.47191408200887,2.91299170508725
2166,1.38298972484294,3.00229830937111
1191,1.34049293605186,3.045097068637
446,1.45904169787089,2.92695691795124
1354,1.42039199874174,2.96641116832469
963,1.41230306696665,2.97510152653996
463,1.45052301174386,2.93788525928033
2056,1.40272631735729,2.98745397704191
1294,1.44917521314516,2.94167971449104
55,1.39945215805318,2.99243180058147
2131,1.57018668169809,2.82385255985001
570,1.34415745182037,3.05282579024748
1780,1.36668397385474,3.03124980566045
1705,1.49611062635003,2.90581110767247
217,1.53570888091881,2.86632336561431
535,1.42036302334419,2.98295113063294
1887,1.49891891290783,2.9055405595473
1952,1.51781042595649,2.88731583980402
1531,1.52046661592825,2.88524925270396
48,1.56805633574806,2.83862328781395
1768,1.3331263728864,3.07572272861595
300,1.4995803008685,2.91007671110626
1632,1.34539656359785,3.06439203084505
2218,1.41601137992539,2.99383230853889
1995,1.41044043502733,3.00083596557282
2096,1.48312267546392,2.929369238201
8,1.38685576246245,3.02649737670261
2140,1.36369106528009,3.05280014174202
1296,1.41646714252434,3.0008932040892
1031,1.4009884496772,3.01856718261644
1826,1.47303038285307,2.94864714435271
2182,1.40386331588021,3.01915019617649
205,1.34487470850324,3.07818113872419
520,1.41843240493886,3.00515133501055
73,1.48947066895086,2.93477272468503
1895,1.37489844327726,3.0498462376519
1637,1.4424629077282,2.98281038367198
1236,1.44380733725611,2.98250754592086
320,1.4021234162623,3.02422378208097
1486,1.38398263980599,3.04337283693029
629,1.44988998669885,2.97829199841989
410,1.45970208868294,2.97024419667863
290,1.51508133171935,2.91508080592374
1085,1.40182411977298,3.029804565394
2038,1.38452092244185,3.04829524803359
2075,1.33795073175011,3.09600230523127
165,1.48096516980369,2.95371891761244
1494,1.46962411370664,2.9667578981914
522,1.48080291060213,2.95722797206089
1615,1.28678395660359,3.15195197596582
531,1.44197378360853,2.99706793902572
1774,1.35635139188613,3.08322319019354
1189,1.5078591444986,2.93203841826079
727,1.48845852959214,2.95195551650195
2203,1.53857701519996,2.90199101813014
122,1.44576461847967,2.9967577460135
696,1.43414770192506,3.00888814451337
931,1.44089492519789,3.00230468848838
914,1.57177875166664,2.87150691407695
1813,1.41336720744112,3.03197526128493
1180,1.34155263104497,3.10496821987231
1446,1.48673967643962,2.96042760661294
2143,1.42135219178153,3.02581945812675
712,1.45470858965962,2.99286406096689
1348,1.41922756747461,3.03107173375992
911,1.33913178773726,3.11200933163793
1830,1.47811528713759,2.97306230152161
1427,1.37418982172337,3.07700360916448
1359,1.39253106400786,3.05949171063731
1992,1.45366169674993,2.99854585333976
730,1.38393461992254,3.07007093774648
2057,1.51025466268857,2.94403606044638
1695,1.45474446341366,2.99965590685292
1078,1.43424349821408,3.02333580246637
1708,1.44018421413437,3.01759240093597
1027,1.41278584701409,3.04820543114469
1644,1.46442575718097,2.99781073316323
1767,1.28131818446757,3.18177861698534
1959,1.52684871951093,2.93636941647243
1162,1.43775349240266,3.02589380618587
1493,1.42555601501168,3.04269706502487
388,1.43040490762052,3.03859988037242
547,1.49466510349008,2.9779787953076
1198,1.48767488697331,2.98609073748446
1894,1.31876834628895,3.15509558916005
779,1.48693039157763,2.98700300818542
896,1.41069011411902,3.06353991520875
256,1.54506094555649,2.92925238831678
1836,1.397538400672,3.07768386282741
118,1.3095808305254,3.1662544018339
309,1.56829171129141,2.90829399591442
2073,1.46131907440412,3.01705179736778
1870,1.50596947200439,2.972597540581
1710,1.55542644895626,2.92330315811621
1868,1.3686586941332,3.1100861644411
1165,1.51336373468691,2.9659208867542
1913,1.31149819125306,3.16801679719949
1381,1.46314877477896,3.01958881198134
1202,1.48197566231246,3.00352847539167
283,1.480665646597,3.00586571804355
1716,1.38509631110163,3.10156993695704
606,1.41759749242496,3.07051449039727
1866,1.37928890642119,3.11170361601096
1676,1.4496826036878,3.04206313325742
1696,1.39910943349625,3.09394982163279
783,1.41774297050059,3.07688918366087
562,1.37900254993831,3.11605486371873
806,1.46652256512167,3.02865484167423
939,1.42723168071992,3.06823507755331
656,1.38994189095202,3.10576290795289
1462,1.35071396397975,3.14657447082108
1979,1.56553484953925,2.93212302317948
486,1.57728906424864,2.92066752191689
664,1.53582865025,2.96273105258225
1911,1.50490890269001,2.99428578777262
2154,1.55182153893539,2.94772548894545
1179,1.32124608456265,3.17950637479212
1501,1.36710607159285,3.13462506242072
2180,1.45474520200934,3.04764494715978
14,1.52288239481947,2.97978193571944
1237,1.60790675773933,2.8962234717806
2006,1.44063999908266,3.06445132871645
21,1.43516474366334,3.07205971179721
2235,1.39496060458192,3.11263096945046
532,1.39941823044589,3.10926166589518
1969,1.51198304287717,2.99749171296272
1406,1.53246248074294,2.97834934147504
1076,1.46794651513198,3.04310595156685
156,1.4881994813662,3.02299734610958
173,1.46371781199421,3.04809328644824
368,1.31701875898849,3.19501884414578
308,1.5063745268031,3.00567584083672
104,1.51392156594054,2.99981087860967
87,1.43399553349457,3.08260989230345
1880,1.3838828898091,3.13366011855023
2207,1.44687460705633,3.07216943122058
839,1.42050927331664,3.09959306977595
555,1.32648111244099,3.19611296794315
1142,1.42963039735028,3.09402864029294
2079,1.46871018938613,3.05512390482467
1639,1.43551132242114,3.08835733775331
1978,1.56724773044011,2.95671079538351
2162,1.53103511103037,2.99509156069019
1012,1.48801740420963,3.03822674960367
1764,1.35432717260256,3.17292964023356
111,1.42174386310432,3.10553204754897
602,1.38096879965778,3.14764463073478
548,1.62232179375536,2.90745068417537
1138,1.45634509691815,3.07353274444348
120,1.46400602515094,3.06742918406372
1737,1.42789721193113,3.10533750271583
1699,1.46325843765544,3.0711270246207
314,1.48858223620897,3.04590430596667
1674,1.40581187509649,3.12868961003857
935,1.51098576344032,3.02641110484031
246,1.40167605794828,3.13634062760006
1517,1.43166956764842,3.10660443165438
219,1.46199087254113,3.07816056574822
1757,1.43963296105759,3.10095937302628
440,1.41705976777529,3.12500007959285
20,1.47178544485757,3.07159028321418
952,1.49697868980587,3.0465752471484
1585,1.51246328358034,3.03128049460573
2084,1.46997148711488,3.07480809213804
1942,1.39716007063836,3.14787036165746
401,1.38125996469065,3.16457680349106
1850,1.58270098935205,2.9631944493401
1981,1.42066222135889,3.12592115925437
2225,1.49603576886895,3.0521143126841
1378,1.47188218463005,3.07713486586713
1144,1.45065194836485,3.09846418886199
1371,1.60067560421963,2.94909627993129
1944,1.58215953083956,2.96817867713584
1918,1.66423616080025,2.88664054939432
2164,1.49358059004598,3.05764627319777
1489,1.45987981334594,3.09141072340837
603,1.57594414017042,2.97766442854163
497,1.46146884636703,3.09237715794009
139,1.35753087149806,3.19696242645782
1218,1.4655512460087,3.09103340236231
447,1.40139814981377,3.15556775034858
1013,1.45945998640724,3.09958148920008
328,1.46287699374967,3.0966729575084
542,1.5929524026302,2.96831772169205
126,1.43937567525293,3.12271906464087
1241,1.40550602890924,3.15802875182377
728,1.48143642746077,3.08215810904914
880,1.59397706780569,2.97037604038868
127,1.46548109337083,3.09911494057593
95,1.38179439323502,3.18320489640463
1197,1.38478368922463,3.18070308139884
1185,1.59233649794696,2.97451142607011
278,1.65257229088145,2.9148206265688
242,1.44274492403928,3.12525731593777
653,1.55847858724813,3.01034486867621
862,1.52477628225971,3.04599813275173
913,1.45889409849948,3.11544050895431
108,1.58485536762108,2.99046548922892
667,1.42138437778456,3.15421905767568
260,1.51828033621736,3.05734183693801
437,1.49492617475429,3.08080341146124
1178,1.48314160684514,3.09283955116247
2026,1.50594277978453,3.07007020198629
233,1.5247710572475,3.05138806030647
1856,1.62192758430775,2.95425448932222
2201,1.55769686195375,3.01851822495466
1037,1.45760628550369,3.11930523966841
1858,1.52747298946185,3.04950228441459
16,1.48134099072857,3.09665762999586
1233,1.47603543354484,3.10214475757539
18,1.52140166154405,3.05854953171318
83,1.46323574285525,3.11871299324477
690,1.5139961092451,3.0681574008056
2161,1.54174808085243,3.04169459443232
514,1.35354016459739,3.23079146577469
1265,1.37413135241002,3.21060044731414
1271,1.41471125895626,3.17015393548175
346,1.4588252365738,3.12623324845065
504,1.53313530830034,3.05422247938946
412,1.50946790877551,3.07948748676306
2213,1.54830972213542,3.0406650547165
1356,1.3838159455043,3.20771685314724
1844,1.48939533667851,3.10214274445709
1421,1.47614425004851,3.11637959607687
1683,1.51886774598126,3.07441924542555
1283,1.52690859270887,3.06692732687048
357,1.60019337143858,2.99437850990157
1146,1.50719245142392,3.08777349543478
236,1.40650951633053,3.18983327708356
372,1.52788398820506,3.06911100889684
476,1.44466301783264,3.15250336913579
782,1.55267935037178,3.04475381817255
802,1.44070631296875,3.15728990843803
821,1.55199518229862,3.0462628934286
1036,1.49907567992949,3.09976033564396
119,1.48258743538102,3.11665353697408
2076,1.52141622555739,3.07911543440856
1692,1.5788731219011,3.02250191811962
1054,1.30105914094876,3.3012108520666
2127,1.48914536809212,3.11332499248012
1230,1.55792019271098,3.04791378581705
1045,1.51919751156273,3.08683742149557
2144,1.49191966560776,3.11501620881008
207,1.59336366333095,3.01559777049152
835,1.53952003839373,3.06963494138907
1928,1.52009055529611,3.08990285566065
185,1.5484993291166,3.06156269950945
625,1.53359911445918,3.07679688415589
1438,1.47547167500314,3.13599033065841
794,1.48266848853745,3.12901796531449
438,1.48273050084772,3.13140331051658
1652,1.55117269728887,3.06424734275462
2149,1.41646584128981,3.19910095097746
1923,1.54442249921412,3.07154647244433
947,1.62729207409992,2.98940061408962
1769,1.54789944495122,3.07196667608565
1310,1.39345947360434,3.22761249490837
212,1.5278874727919,3.09447076594703
352,1.58243955025318,3.03994122240846
1243,1.45219239867995,3.17064995767353
881,1.54148186165627,3.08146606274394
1318,1.58007087378032,3.04303772448727
168,1.44679956590422,3.17723509512144
507,1.4883852120736,3.13565525830109
1938,1.53004863695415,3.09434364466556
2089,1.47025410109231,3.1542159694843
2083,1.57586332728095,3.04888769144367
1195,1.54795260785041,3.07827704151181
805,1.59329143323226,3.03408600303472
180,1.47321726118913,3.1551343935886
2193,1.5885843290329,3.04039119711215
254,1.49598748883868,3.13374632892175
1834,1.48740037984901,3.14323833970251
1842,1.56818368916658,3.0628070032237
1679,1.59850419499717,3.03278581078583
1456,1.60895372807736,3.02277601051355
1320,1.42713976234709,3.20884747429364
1129,1.48332260159344,3.15383704348279
216,1.43755242613266,3.19983533748778
2116,1.57138556219104,3.06639636285875
69,1.66561124545391,2.97227973731351
2053,1.52400803331182,3.11393921582728
2091,1.49095728432402,3.14890380401459
414,1.564206997133,3.0756736335244
107,1.44067633742026,3.19927935146078
566,1.53450979096278,3.10561478069745
1779,1.50591624808318,3.13479952220481
756,1.48203619755568,3.16120454031058
900,1.60412338380746,3.03989822322685
1670,1.57516878177179,3.070142996971
957,1.61608906249133,3.02930741343265
498,1.59362753543727,3.05206967023402
1593,1.52380337096864,3.12195688335829
549,1.61684861369049,3.03049868526857
1440,1.54297303104985,3.10572428831189
1387,1.51948161338641,3.12943260140518
511,1.6104922135149,3.0391380132037
888,1.42924994836969,3.22132063589285
2234,1.42836170001639,3.22249348208158
154,1.58000224978772,3.07103553761068
1005,1.44141227480239,3.21038897966644
38,1.40240284613499,3.25105871461429
1738,1.54309290699968,3.11132405092526
2211,1.65216554731957,3.00233118117524
1059,1.43268778175293,3.22287817681602
1479,1.49902965911481,3.15656622219366
2170,1.48121047661235,3.1747094885411
1203,1.53779303225294,3.12001216032839
804,1.46113575149391,3.19954178662099
215,1.48701486921215,3.17390289778528
1183,1.51220865100478,3.14972049485004
407,1.50534809541111,3.15684364212591
737,1.45975167200726,3.20479494040927
518,1.54908190056276,3.11640047887263
1936,1.59843467146396,3.06707927323294
1566,1.49301941819517,3.17268154645224
302,1.51276825515088,3.15295048896327
1879,1.54522182269961,3.12085723834337
1328,1.48976195443827,3.1766052277229
2228,1.49779308393784,3.16911742300769
2031,1.65074247114474,3.01657633108149
1020,1.52766127983103,3.14281335768007
1077,1.56255832842807,3.10846481333341
2019,1.60121196704624,3.07041424533222
451,1.49376667927344,3.17848241111697
510,1.59067282565839,3.08162794552754
2183,1.48114621870038,3.1912064168743
192,1.47151635934667,3.20136798621521
359,1.57289182847573,3.10045876201965
1488,1.43589239410793,3.23809677618505
581,1.64527030429211,3.02978382018938
366,1.54046006078742,3.13561930182049
1781,1.54160549223038,3.13539636591883
1520,1.63359854743011,3.04362790185156
1361,1.41636547222079,3.26260999735667
2111,1.52709270929533,3.15245499818062
1110,1.49465851385418,3.18623601019802
1312,1.48907893525231,3.19205383383721
503,1.59493910162379,3.08655682494684
564,1.5611943494564,3.12233621681247
134,1.51106968583729,3.17257805913663
1864,1.54990170132808,3.1342493293198
988,1.53675103217172,3.14830153382039
502,1.49510622402494,3.1904844266878
982,1.61782530262565,3.06787769069593
312,1.41080498601993,3.27495009704951
2062,1.56255506008468,3.123214825389
68,1.52902774264343,3.15708842038867
1551,1.50030825237929,3.18581396997705
288,1.5562298823945,3.12990748699528
724,1.53147387567149,3.15537160259825
1340,1.46887135123394,3.2190803956511
103,1.54892367197935,3.13909596497419
1084,1.57431785749459,3.11378588633371
1766,1.51558823929656,3.17348787732707
1511,1.47167217669994,3.21816370386649
240,1.51595262912769,3.17460488477063
1897,1.52789558416543,3.16297423507304
1533,1.5300886304459,3.1611319897659
840,1.53250210910427,3.15910962893124
1311,1.60823389734804,3.0838326621676
1901,1.5747920864673,3.11769986954325
1097,1.36041574388881,3.33264016944865
825,1.50110740050525,3.19205374656178
1350,1.53966865012342,3.15351064271154
2132,1.53588883176872,3.15753858744251
589,1.67126786002947,3.02236670284423
1694,1.49897106840508,3.19640294981224
342,1.46202658353949,3.23490651556955
775,1.49166371603328,3.20588760027028
930,1.62554797546497,3.0730730639039
241,1.40960656320982,3.29091002639768
250,1.42826214246515,3.27233388035711
382,1.52558013942214,3.17509630606525
2136,1.60881619744052,3.09297127679713
1255,1.55638693013143,3.14568689690214
1603,1.60165800844532,3.10093246544696
1049,1.58723670703657,3.1155119305505
1402,1.49890915391846,3.20642935169819
1548,1.44246616322985,3.26354634818749
508,1.5797412793645,3.12921509006812
1802,1.4449576337191,3.26434996499023
335,1.54370338901058,3.16706122637192
1498,1.52848830984387,3.18358945300782
807,1.42148944698157,3.29091147084282
893,1.43756215570409,3.27507552397593
1877,1.55794639021791,3.15535630783802
1193,1.45350411377105,3.260798783145
345,1.58995193212659,3.12495049313873
2192,1.63392326927814,3.08235989063551
1119,1.60972611619309,3.10747829833009
329,1.48632349696175,3.23188639925508
1750,1.50644955867064,3.2124380096855
167,1.46203533649936,3.26005717475682
135,1.38739855916796,3.33481447208462
1377,1.59755345640103,3.12494224476822
1726,1.68336806278015,3.03939588015287
124,1.5238802928372,3.20204890747465
1423,1.57980189772586,3.14679784430018
1946,1.58644621175482,3.14103263893803
1461,1.62585859181043,3.10253538405054
1987,1.61961335100835,3.10992290301274
1964,1.67989362450105,3.04969980643461
609,1.56384746725721,3.16657484448578
1665,1.63027119435585,3.10226750593363
1416,1.53760115416628,3.19686469131414
769,1.55725111493765,3.17815466307512
1016,1.54354513649323,3.19205851735928
1862,1.47369611957847,3.26266454318401
1828,1.60026375989838,3.13728418970503
138,1.48706507662495,3.25248452983299
1853,1.59730577363117,3.1423282715739
1074,1.56003232471837,3.18103244502579
1754,1.43975667466619,3.30142052464043
1473,1.42052159710666,3.32109120487729
679,1.63235971497931,3.11037491190395
607,1.77876746393003,2.96431788719852
1661,1.63457622168313,3.1096144808078
597,1.44732828296712,3.29690875733883
1286,1.64847179881501,3.09670378246425
665,1.54299411607245,3.20279681770332
552,1.55944922247253,3.18643910982429
220,1.62820683231602,3.11787990017119
710,1.5679932542507,3.17821544837892
953,1.53900243332672,3.20813702559315
711,1.49494655566913,3.25296749436431
10,1.62880125827214,3.1191525694239
131,1.47800346665133,3.27012328066589
630,1.68552662389714,3.062720530478
1613,1.50709017369645,3.24147782612093
1040,1.76796951890541,2.98198832675551
944,1.52390987695649,3.22679346267276
558,1.61884661654753,3.13226715065983
847,1.50560989732335,3.24790506858746
2092,1.58099858997109,3.17426924737581
1038,1.54317703370071,3.21341527458032
1734,1.63614408773919,3.12117283457113
2052,1.57330299269849,3.18702102974683
1816,1.51087741706743,3.25103512976133
121,1.61471781290565,3.1478177263677
976,1.64929234290286,3.11417539736942
1363,1.58631841637657,3.17808460754866
1017,1.59620542925286,3.16944230016424
1546,1.49475106272533,3.27211501918188
2066,1.57984819194675,3.18707479473724
1264,1.49319040874351,3.27404655763728
1123,1.5469510646857,3.2217750753756
1280,1.52837497003306,3.2418995495987
1431,1.55488847139558,3.21586291651948
1434,1.51587822481037,3.25554926452422
287,1.63022556459106,3.14251361972806
872,1.68961674056765,3.08463247532281
1343,1.55734911904182,3.21759215222671
1503,1.5103288156242,3.26762818064986
1441,1.52561632214798,3.25529474087572
324,1.49945890829885,3.28173358929889
1360,1.61655094041126,3.16490144194895
677,1.4580142487773,3.32518357672717
1444,1.53929989434868,3.24535096776343
1070,1.57028621085254,3.21488626158796
393,1.61027679064485,3.17654640341918
444,1.49189901182722,3.29528527233151
2004,1.53483642126225,3.25274656642308
1575,1.46680461619839,3.32086003370446
381,1.69619032921491,3.09190690697669
1671,1.53087966474486,3.25740688885519
297,1.74712256406331,3.04290714095704
1537,1.58244215720127,3.20828752112205
203,1.57530442030624,3.21568126874992
54,1.47200842218409,3.32021290914861
293,1.6582767646106,3.13422431990483
1262,1.71192371903841,3.08295883260645
1133,1.53973577976813,3.25681950794059
833,1.55983459139705,3.23689021515768
360,1.56654640936574,3.23069269996282
39,1.65488917727249,3.14301425085389
1540,1.5248509680708,3.27336826984016
2172,1.49209499997712,3.30743021191472
2165,1.57175778808373,3.22938315771309
1621,1.61829165788849,3.18298737729683
462,1.56280169259396,3.23852890160071
296,1.39699237300553,3.40458130988786
1349,1.57963358054405,3.22248891553049
396,1.40285620191889,3.39946221076339
1557,1.57641385481296,3.22799619919616
697,1.65623553312014,3.14863468494847
746,1.56108573224599,3.2448973299691
2231,1.41313777673716,3.39512787743192
186,1.59467188099149,3.21416519667425
2206,1.60358621907703,3.20529770240382
565,1.53604590818173,3.27285695257761
1991,1.67908161182058,3.13009492629189
2233,1.59119103348442,3.21874856229065
1003,1.73617770161662,3.07439247402343
1437,1.467628507141,3.34392384463747
671,1.61286967153419,3.20017550487767
1611,1.72580246356229,3.08754316701992
2227,1.56562999411631,3.24873314784726
1945,1.4957349006516,3.31899991015555
279,1.53696066510825,3.28006722859237
2212,1.52786976297653,3.28972862847509
474,1.57230829003181,3.24564409523301
1707,1.57178883384001,3.24649497586229
1740,1.63869285487302,3.17959118729594
1940,1.62196302109023,3.19641376604809
1885,1.5606793722356,3.25973746755044
1989,1.61251857244888,3.20864672586898
1604,1.48306288475676,3.34078651845514
1724,1.45571866728304,3.36932807830438
687,1.69036941750861,3.13565698846727
218,1.54665970421059,3.2800877096405
692,1.60113522949315,3.23020008663084
2128,1.52253174154144,3.3101111065187
574,1.46152331732496,3.37113177952545
301,1.64819292429677,3.18480334364689
2107,1.55343222317989,3.27968503016606
1055,1.47092183214865,3.3630208312614
1552,1.54344038674125,3.29398654179406
1514,1.67165240889449,3.16687963842323
488,1.58946340011637,3.25170901471045
1007,1.60910299167716,3.23235497293736
991,1.66101235838374,3.18125495253391
2014,1.59638427465889,3.2459685638921
1065,1.67618686350773,3.16644136888518
948,1.70629435568146,3.13687058540012
1021,1.61583793677124,3.2301615224015
161,1.54687134185998,3.29986631894975
2119,1.53825044035488,3.30901100302978
983,1.55670507840753,3.29127247950927
1857,1.60073435792222,3.24768272052981
777,1.59159823125998,3.2575843476053
669,1.54195915866407,3.30735091066506
487,1.63431034735745,3.21558766767982
539,1.51582246153837,3.33409217121561
792,1.4509442745265,3.39960182041395
1749,1.61426455604579,3.23735492779232
1854,1.51810357096498,3.33374194652379
657,1.76478911995209,3.08817548233334
0,1.52461852930451,3.32838634280698
822,1.55278123592441,3.30203315076843
801,1.48198309948717,3.37556855038029
2133,1.56341406489589,3.29436334880591
2202,1.63274695907571,3.22656838506119
1023,1.689315591653,3.170612085018
1934,1.62531502527177,3.23496695235571
2123,1.48376598624217,3.37717286491764
1837,1.62304659335289,3.23791254065644
856,1.66122591408269,3.20051482240695
375,1.55009681693552,3.31305333686796
1088,1.63231480610347,3.23091853993723
210,1.57603151483153,3.2874972070847
1148,1.57335474580567,3.29181974549142
1963,1.6841405968448,3.18128963565948
886,1.57495020600469,3.29167937845665
735,1.64425207662006,3.2227937965014
997,1.68118921712037,3.18835881720086
990,1.56569621060591,3.30573823913288
536,1.60717484911466,3.26431124275978
788,1.66315006844911,3.20860205952272
996,1.46736756580117,3.40461606071035
483,1.56882320064694,3.30495445050644
1051,1.61079413497172,3.26306132881473
1330,1.64842585424542,3.22607731402934
2007,1.67226893639643,3.20319228909066
266,1.57598873413958,3.30214791121686
58,1.54415171695925,3.33445676431124
436,1.69662299550337,3.18251739278282
1920,1.63211080077799,3.24842147886632
2208,1.75054554839338,3.13114572357879
406,1.51020983239196,3.37251453391544
2008,1.57769300652144,3.30534786277526
201,1.57969714360791,3.30391453763442
81,1.58045173597525,3.3034538303638
1505,1.74887702163444,3.13631326639852
1034,1.52361844347214,3.36182398314987
1647,1.65424157497397,3.23135450327613
827,1.48131782441707,3.40444847862092
178,1.54869499144224,3.337965677451
2230,1.6991126077362,3.18782368374614
1482,1.56347098173004,3.32361409465206
943,1.65368549442772,3.23465216339371
516,1.7163052564465,3.17227767651316
1008,1.56535631328363,3.32370548393646
2184,1.63293929082002,3.2565571674878
140,1.56697697727849,3.32266181049921
264,1.70087925229303,3.18946911675229
1392,1.52780025172668,3.36360832196239
2000,1.52242090148718,3.36987866953533
1158,1.6789176020549,3.21367400766354
545,1.53050419057751,3.36234703471229
1234,1.71455237609928,3.18268876075473
1875,1.64779705582843,3.24946235054438
1172,1.59432356651448,3.30335058144109
1368,1.58547100952965,3.31351135862236
1656,1.59300250690541,3.30722562465883
148,1.69493002173834,3.20600730061925
1200,1.60172920796567,3.29971942361737
2122,1.64577361595023,3.25711041862829
1357,1.7225318288758,3.18089350220628
899,1.5850699912486,3.31886052416576
1435,1.68363311486494,3.22117028597689
808,1.55649977055602,3.34868243832949
380,1.61580753623316,3.29085179135145
1382,1.63308161395703,3.27364742265129
721,1.62501864289282,3.28749651565154
849,1.51068867922196,3.40448792621007
1927,1.51776461149513,3.39758489499734
904,1.50111066313768,3.4152736228817
576,1.60167027889704,3.31590561169355
2190,1.5073078448097,3.41089595676769
1010,1.68084626106908,3.23790425055829
695,1.53992737502253,3.37900701002661
53,1.56402541958658,3.35561195890005
1485,1.72290514902756,3.19763317956087
143,1.54953382021756,3.37112554580163
2033,1.77133268604978,3.14974772225245
610,1.72465007976677,3.19834648542772
1101,1.60999604438865,3.31530599584338
28,1.52521626855427,3.40063322062901
1483,1.5524287565199,3.37358690538239
2097,1.64678967360733,3.27984884471369
251,1.55818810147643,3.36903180981598
1105,1.67284838552438,3.25687446355676
182,1.59814441891457,3.33203888817615
1912,1.63395487212693,3.29669393119137
2065,1.68959554605762,3.2412661588455
361,1.4767846714515,3.4542899356112
2017,1.5321326394013,3.39915271965429
1513,1.6504264684809,3.28160860542238
1817,1.56758983134247,3.36620211821399
2022,1.64326487930874,3.29058842850028
1395,1.61252909139793,3.32192558107217
347,1.61040616318783,3.32459035272056
257,1.69001342932007,3.24566554810771
1762,1.64989306185343,3.28597501901527
882,1.66953943508212,3.26661571827371
434,1.64257124825127,3.29975942674316
1419,1.53564838022681,3.40780199983
162,1.65070827000016,3.29377918947298
1697,1.62228499743537,3.32231949297957
2086,1.66006250524224,3.2847292373255
1640,1.61000290898285,3.33524227751525
86,1.57778078994592,3.36754902977461
1586,1.53855778058599,3.40723192033309
2178,1.48443128529668,3.46208552936173
277,1.5782476005041,3.36992997065062
1276,1.58714819236599,3.36145770122965
1787,1.61644355261247,3.33223541352839
1617,1.61617135077457,3.33410843391864
376,1.48291563037751,3.46773415350075
985,1.63647690617033,3.31472010182616
2082,1.50202603376642,3.45037233864691
729,1.64247926803694,3.31224662836375
1698,1.48242338561936,3.47258173382367
1949,1.58074197683271,3.3749661146156
1519,1.53975047889767,3.41596028429398
596,1.5297686827464,3.42681883419004
1636,1.65686668279657,3.30077359303799
768,1.62384094200588,3.33515101520877
1778,1.6731926838389,3.28642489107466
304,1.61823218593308,3.34238554712673
1538,1.64357853622875,3.31732117192273
683,1.54015676694951,3.42369930630671
221,1.6072404456395,3.35707296947082
2047,1.69199822820885,3.27318857807976
1796,1.5924857476801,3.37399414223085
146,1.67622620805401,3.29085482646611
417,1.57467531167416,3.39292305559863
678,1.56729146141778,3.4004699418339
1852,1.64075600003592,3.32833440718259
2103,1.61846945249764,3.3507899724736
1317,1.66102530081729,3.30895603631926
1373,1.69406014278945,3.27627063027797
1588,1.61961217360106,3.35095711452956
2194,1.62526883290148,3.34860119721234
1967,1.52574764693019,3.44838973552342
572,1.60004677642599,3.37624500007778
261,1.5732724162781,3.40346010445033
1122,1.59207402412954,3.38731863182499
999,1.56099342237423,3.41922445955408
1149,1.88045765897325,3.10028795560844
1541,1.58005002524898,3.40084508831518
91,1.65219511362448,3.32906761163068
1455,1.66899097002929,3.31233867241699
556,1.63828783212635,3.34304319385672
1002,1.66375856185738,3.31802411156303
1542,1.74057315113956,3.24173927247227
1323,1.58887355700538,3.39382799076297
1141,1.5583357468802,3.42490622762416
1019,1.59633817201353,3.38786710162855
101,1.72782698079172,3.2564245963059
2040,1.66173918308719,3.32407070592449
973,1.56144501837513,3.42630894578123
1675,1.64181328804998,3.34622958513835
1794,1.60369005765084,3.38538742142912
688,1.6337524042251,3.35585875705387
110,1.72718275545712,3.26303103422558
1947,1.63059454358961,3.36058525691526
1731,1.68620189746145,3.30519137690754
661,1.73747975726133,3.25428885863158
1534,1.66874986150446,3.32307949638445
1916,1.57025139083105,3.42227778525703
1712,1.6267890909268,3.36832940684064
1545,1.62863086202313,3.36727806639051
540,1.72945867739549,3.26846613067615
528,1.61671631123008,3.38328554446871
1589,1.60195016356181,3.39975768524043
1132,1.66558614709254,3.33755805712914
942,1.66629055056412,3.33906086711615
228,1.55220528422253,3.45341712824398
814,1.62714381556717,3.38009022418887
2141,1.62124418732815,3.38627372842812
1899,1.77195673208525,3.23641982063333
676,1.70829000856547,3.30145349930788
1022,1.44404817050151,3.56698386917505
1539,1.53530317493509,3.47673889802127
1449,1.4993856751722,3.51289648497478
1451,1.58131743871726,3.4310394934964
615,1.75182810937502,3.26060195146495
2126,1.57339554676521,3.43936372363552
1287,1.70331058663179,3.30979355719375
123,1.62546969617605,3.38840455442845
2125,1.66803548487008,3.34585513138142
2063,1.64350266177694,3.37222833108571
344,1.48164667194336,3.53472464905974
481,1.71028747437945,3.30703330411005
894,1.74721148169065,3.27013471093191
152,1.68200897163021,3.33538146599044
922,1.64853997776825,3.37050836868104
2217,1.68434692372059,3.33579491649942
1889,1.7226273387613,3.29845540280411
1535,1.55631079294012,3.46514709312014
823,1.68178950433363,3.34000530184575
1530,1.71816015059735,3.30436227922271
2220,1.65592645291378,3.36747060026088
1579,1.80455925545719,3.22048085451893
1736,1.57062373554185,3.4548384129295
1631,1.58693486843795,3.43923018828147
1550,1.63437290480531,3.39187273654111
876,1.62807574516683,3.39843375460428
501,1.67031973779859,3.35702327410598
1397,1.70039799292802,3.32812987425339
1789,1.64824590330937,3.38033722249859
937,1.65306729263206,3.37564918360925
1638,1.63429414863551,3.39582752062119
1137,1.64956683678354,3.38063616202789
1135,1.61485064958024,3.4156627254444
1057,1.58827139965212,3.44397054355914
2175,1.81543355998549,3.21690729907885
319,1.55873585680944,3.47411940125965
30,1.68718324937569,3.34767259186248
1108,1.86087363075241,3.17437919506141
675,1.65352450847898,3.38373680529382
1746,1.64025976381381,3.39735351399612
1028,1.61597181132184,3.42210193255932
1672,1.59580176538524,3.44244152004221
377,1.78748764683112,3.25126336162279
1033,1.57966554710431,3.46077594541285
1682,1.63974999442657,3.40354810933419
82,1.71267097485802,3.33095787240837
1457,1.622090851298,3.42157602546423
2222,1.76527598137611,3.27857409300865
1635,1.65213746691295,3.39245029067104
1126,1.45799356694187,3.58848428718926
519,1.55179514678947,3.49468501752132
208,1.52337256360972,3.52378258786481
1309,1.63775342282222,3.4101636762704
2232,1.65408990118606,3.39396839447206
456,1.6267966313539,3.42134083870788
699,1.65580942091034,3.39276583387221
144,1.67327523996839,3.3762064153206
153,1.62950262051222,3.420857224825
1628,1.63498825175433,3.41569027106851
1093,1.63091774344992,3.41989354493747
586,1.55125676401614,3.50034603185573
525,1.71650819126713,3.3351823325714
998,1.5783516184167,3.47353064796663
1215,1.72355617192234,3.32872532598416
571,1.58023825655372,3.47215003841245
164,1.63437613079247,3.41858739372227
1616,1.56405733497391,3.49099964412674
637,1.66610510762426,3.38981447823523
1376,1.5414111156097,3.51530653408897
1035,1.73909189946354,3.3214874022156
2216,1.75173113856027,3.31082188132778
1775,1.67703693270713,3.38554261983936
365,1.65823691415187,3.40584572457384
435,1.70242799393936,3.3617740581654
385,1.65515489718936,3.41084529889525
1925,1.65950754721128,3.40720077691871
1471,1.57506347794397,3.49176051379831
1663,1.6833568212299,3.38380843284122
1269,1.75465606120949,3.31441909870128
720,1.64440487291132,3.42498849855727
323,1.66849280424359,3.40131817328264
1658,1.57534235490987,3.49487043210338
601,1.77679029190377,3.29353527730115
4,1.80457798475426,3.26654888696378
1597,1.6920522837109,3.37909880200481
1608,1.77668538743688,3.29507106000477
97,1.73099784093449,3.34097709409996
316,1.58181977349638,3.4903015549941
386,1.78197256287211,3.2912447219991
1115,1.55668977152353,3.51703194766614
923,1.5762928328677,3.49803636332135
575,1.75135654089168,3.32449899675785
1305,1.54002251881322,3.53705341892985
1806,1.57794283555376,3.49917724911504
2043,1.6682104145664,3.40990236403233
2070,1.72519849820973,3.35293799515516
618,1.58807596413978,3.49444256362365
1460,1.59336362588153,3.49157307644606
2115,1.52717990946891,3.55800581611585
670,1.81940091176081,3.26744827975692
2003,1.70095229778688,3.38891115994105
60,1.66746604338859,3.42342421874276
2090,1.56763259495082,3.52431278970269
1953,1.66977385676268,3.42226189595152
1691,1.59736308338919,3.49600532577933
1598,1.65362112023501,3.44026777784546
928,1.77148771885345,3.32277605502635
64,1.54078910852096,3.55610816207196
1468,1.72510719538274,3.3719995319126
2032,1.67557342534601,3.42287956985483
659,1.78614915729334,3.31310076161943
142,1.65212609516079,3.4475593770199
926,1.78920626413724,3.31076451887012
612,1.81239769283745,3.2876178541076
582,1.70867533630068,3.3918314612263
2024,1.79599793525423,3.30451566362776
149,1.62656670281823,3.47413834517745
1299,1.74816961974386,3.3533186563399
1173,1.65397899068168,3.44810683237518
175,1.72059170932747,3.38176235190535
1831,1.6332453941239,3.47104495203926
1039,1.59647556390849,3.50818326307344
1352,1.64652747637876,3.45907903363569
150,1.67583891542406,3.43029739905081
284,1.75966365608659,3.34661143343064
767,1.6970307020939,3.40986852900962
829,1.78276085398328,3.32451271447975
490,1.66403092627597,3.4441542694419
1420,1.67150671591925,3.4375858052623
1809,1.6325842777571,3.4766313489514
197,1.59452724438193,3.51496471689649
1578,1.6908725702837,3.41966546549215
1412,1.71379130248828,3.39700743835072
1268,1.74573139353855,3.36535808886749
306,1.68812499641027,3.42385770038047
1445,1.56473518715245,3.54851111065384
1131,1.72858906861482,3.38639277138095
188,1.64478407445522,3.47222996389115
1720,1.69869458080187,3.41873314092898
2099,1.60352955238751,3.51629048226477
538,1.69821811261663,3.42364899910214
2197,1.72807605543608,3.39386414437294
1167,1.79636117841927,3.32628289790844
1326,1.62714292595514,3.49620835047735
964,1.54186124307104,3.58188242076668
1563,1.75590048333991,3.37069022464358
995,1.6539495134593,3.47293180178019
1960,1.77615433160304,3.35508394594081
458,1.88646003052523,3.2483430430862
1477,1.64321460639076,3.49188478627932
1924,1.70288467622584,3.43342291635612
1886,1.66630360227682,3.47037095053681
1997,1.70148189071492,3.43615427688313
1118,1.81401922784438,3.32458084552877
489,1.70065118805846,3.43901387393467
2049,1.53296281841686,3.60881688235814
2087,1.61135168551355,3.53214172769869
1018,1.7303104800535,3.41391390843764
421,1.61373551311259,3.5311222698661
1210,1.66176882123459,3.48374981099175
1612,1.81569461387888,3.33056504615032
181,1.66581149866021,3.48203769111138
975,1.74082844969508,3.40735173003109
1633,1.62152908783791,3.52704919090655
1718,1.79187909150959,3.3567447920465
744,1.66818539510052,3.48067117590281
350,1.78257161011802,3.36670498868777
626,1.65659887035634,3.49380961451975
1727,1.82666131446919,3.32388709274802
1369,1.85955144012403,3.29119342980568
485,1.66014652108341,3.49395862544478
408,1.70714795129464,3.44699517451518
633,1.77258281518156,3.38171120002972
1832,1.76671523861859,3.38772880657328
824,1.84844540904992,3.30649949925204
2067,1.67457854941532,3.48085310709529
1902,1.62435609330153,3.53126078572792
338,1.56622126668214,3.5910484216843
117,1.69649667464753,3.46235547246947
1529,1.64858910457546,3.51113036259853
553,1.81808932947048,3.34324457937006
1256,1.81759594856394,3.34394740806222
2061,1.59355593135769,3.56832612045698
1291,1.73171278195142,3.43127224650555
2188,1.59637119654588,3.56748607641955
2118,1.61379803940394,3.5504517685943
1573,1.64961165604493,3.5146416093433
887,1.63281715304248,3.53150845019469
841,1.77728030352593,3.38805111867002
785,1.65531610636041,3.51079787096648
1407,1.6749143041353,3.49155112468897
945,1.69909196408187,3.46807000384764
42,1.7662526615927,3.40401966329819
713,1.6854079855442,3.48647276036907
1984,1.72296839547437,3.44983102107917
433,1.65747106367038,3.51795458257042
2102,1.75356560148497,3.42215096588735
1626,1.72050249134403,3.45528184881815
1063,1.8310443767036,3.34587520792391
371,1.7181560158922,3.46133352724841
1417,1.68872447113752,3.49251107427091
46,1.75282601443723,3.42985521910196
325,1.55787895678998,3.62582244040185
1474,1.73953680524988,3.44437125498196
798,1.64953156864162,3.53786529751442
1107,1.74182707447955,3.44603364310748
2163,1.88217167372776,3.30594033396673
2041,1.52797345312052,3.6615985818367
355,1.729871172011,3.46010932458031
2112,1.76818422333253,3.42236339227885
2236,1.56242833063409,3.63033245819838
1941,1.80551673714078,3.38947136568937
1532,1.76845632857846,3.42684623963106
89,1.73149236180846,3.46405143670148
845,1.71823584507744,3.47861521051064
1319,1.71733579946759,3.47953728021005
959,1.75370864012189,3.44615294959702
993,1.6999958737284,3.50023701376154
884,1.75133279739034,3.45305722231297
1596,1.7402176995738,3.46436335702953
1496,1.74988944810102,3.45518556427302
1316,1.7016480176613,3.50611151796763
1625,1.67516447820092,3.5343878999674
1745,1.80178206656015,3.40814276897702
979,1.67635346507436,3.53391036650227
423,1.75557651561151,3.45474271839031
1199,1.66254331307226,3.54955176764603
682,1.63571757564162,3.57690506910138
832,1.76826203888093,3.44526415845441
1619,1.62370724110022,3.59124254311911
892,1.63275717614923,3.582862006185
1709,1.77836062264383,3.43750564442745
2072,1.6850497483278,3.53161735381074
1213,1.6574664600791,3.56149772303689
1139,1.71063641589939,3.50917498658077
860,1.62738462140443,3.59254741360375
1252,1.66398559249021,3.55617726767684
67,1.81675326518394,3.40354201369281
941,1.69777970711649,3.52405835909094
1409,1.83501345166142,3.38911251692283
1168,1.77116901254148,3.45317252182201
544,1.73153620241856,3.4932001660359
2101,1.69127072863786,3.5337950569152
2071,1.69497764192652,3.53107814880602
1688,1.77854049222545,3.44771455222367
1606,1.89737167637243,3.32913478850171
2114,1.61491686978282,3.61480820515135
585,1.61760163115784,3.61244735571277
1307,1.82995179196276,3.40046798383113
373,1.65505925786203,3.57682665532813
789,1.69258412349589,3.53935356770689
464,1.68903693552282,3.54445158980121
895,1.73573300396327,3.49849353497982
1219,1.77751541888252,3.45674619309544
2113,1.67316171518949,3.56131628536618
736,1.5471872129506,3.68856523540478
128,1.86337895716089,3.37277335349429
874,1.73266110916999,3.50405651571581
1599,1.86482228793123,3.37196561212867
1965,1.75451788818882,3.4839206018132
583,1.71552178283228,3.52313640380971
2028,1.67059652587413,3.56846812988872
25,1.73157119448563,3.50823582620896
918,1.66322695446156,3.57729259865171
1279,1.76951384670322,3.47166995197396
868,1.74649501545648,3.49596697061285
648,1.62115755848735,3.6227445473422
1224,1.62459112440402,3.61952294767516
424,1.77257793039837,3.47312594572741
1166,1.80582933700549,3.44151106290142
255,1.62600196491289,3.62275913840377
970,1.69187176889133,3.55736554856615
1869,1.67671295969247,3.57408281674161
1281,1.71570131880669,3.53727783753971
61,1.77911364715297,3.47640600379287
155,1.77069782576095,3.48511763174927
1154,1.81749321914223,3.43894194131686
2138,1.76560346431878,3.49150520230872
1977,1.82325115615574,3.43477304987739
334,1.87004583585081,3.38944967057306
1032,1.64133391571343,3.61879155535885
285,1.76297056050707,3.49736771697224
1472,1.69165399713209,3.56924240443646
183,1.60137410751857,3.65957236079418
1338,1.78428082417692,3.47706888496022
1667,1.58597660392594,3.67553011182865
962,1.68268114142741,3.58097796577816
1847,1.78070438003543,3.48443325876635
1380,1.7125849328664,3.55559703584845
927,1.80464165449831,3.46461425542805
494,1.71610449387656,3.55428875117287
830,1.75536344991264,3.51509013718043
2148,1.70905620840063,3.56219982117523
269,1.70197732712616,3.5711156634641
44,1.71778774511639,3.55559238143085
50,1.75222671199327,3.52277552353899
206,1.77281916808564,3.50492922571609
1364,1.62475831118965,3.65350360600551
1759,1.88886020728834,3.39185363818575
652,1.80938544677133,3.47194374452997
1337,1.70286537600637,3.58010649440289
636,1.64034873966821,3.64311350292567
627,1.88318395264433,3.40046420487593
1282,1.70685951368085,3.57740564231775
1848,1.69814595148282,3.58766658117683
663,1.70964359797545,3.58008965716556
1190,1.8228913319496,3.4677252876552
753,1.72123607516712,3.57092014236379
2171,1.67340021652279,3.61968084042728
1891,1.93025508078353,3.36295307316604
641,1.71873224025872,3.57561695574545
2039,1.84521841288057,3.44966974983108
1627,1.73284489416865,3.56354008506465
834,1.6254528232403,3.67140028408518
1499,1.78964305662433,3.5093606438757
327,1.86637300282406,3.43336051777898
1523,1.71325248703813,3.58668496666137
1362,1.71739851727295,3.58460928737436
1056,1.8642144461089,3.4384228783913
560,1.72651897794332,3.57638561148871
1267,1.74956801255438,3.55358357953412
831,1.92647912093443,3.37775302697062
1798,1.78167669308848,3.5226418708778
356,1.73540605419624,3.57023479097147
1994,1.73949378284646,3.56644769255346
1081,1.7958260624429,3.51084367836188
541,1.75930604008477,3.54849882996009
909,1.68255868574878,3.62540385085922
2229,1.70972601499082,3.59845545437042
800,1.73745108727491,3.5723241391925
41,1.61046874301036,3.70120850264778
877,1.72330304643124,3.59040220624566
1761,1.80034996071751,3.5137794881711
646,1.67687934502391,3.63857369950515
611,1.69370144584907,3.62391783766452
1329,1.65796504978144,3.66004088537125
337,1.79769751047519,3.52103269435414
709,1.70813888795893,3.61218703982874
339,1.77472917382466,3.54603975967016
2018,1.87952825788304,3.44329246472805
654,1.6590712152904,3.66392268069284
27,1.85367777585402,3.47140143543647
262,1.86989312817927,3.45527260623886
65,1.84094697036637,3.4851845443811
298,1.80725625492644,3.51890093951011
1325,1.70090863196725,3.62585786314859
1418,1.76749326575123,3.56054973133192
836,1.64620821949818,3.68216546761203
1429,1.65564692743725,3.67292082170919
23,1.81979909670129,3.50943704685564
1567,1.67199986720339,3.65727467655123
978,1.77248017569775,3.55730440256848
1476,1.84571080335482,3.48528425226916
1648,1.71211110999307,3.619689206449
397,1.75903599098556,3.57286051234533
2027,1.67797643660462,3.65407018083246
619,1.72430143133835,3.60839766431063
1763,1.75133060029442,3.58271120277763
1169,1.86868849659576,3.46625253102199
1058,1.72658792258469,3.60909469460584
1662,1.83574385553281,3.50126427723537
383,1.68129709167936,3.65585670937309
965,1.72541150430837,3.61329100497954
1849,1.74594161349093,3.59411364020477
1426,1.75203857446537,3.58999371920514
495,1.77162735610476,3.57097958253588
1752,1.88901293005999,3.45374649109244
752,1.78700559651233,3.55576924124084
2064,1.71454292159076,3.62910483764454
2105,1.89625791061446,3.44921248160286
1321,1.81077559787414,3.53714422249884
473,1.72779456377781,3.62138414446919
869,1.74638808982163,3.60394931288288
2174,1.93627443874063,3.41425919407991
1292,1.78179698532541,3.56902306817511
1015,1.70789081001203,3.64356720104172
1515,1.78768396065359,3.56514031464474
448,1.70495083677979,3.65038777303257
191,1.82925629972842,3.5261990668695
426,1.69933329890719,3.65668128289936
590,1.69405838353239,3.66268103488324
1223,1.78999771175802,3.57014601984484
1722,1.96056635163004,3.40092034124059
842,1.61261053211313,3.75018730627079
1620,1.61149113334424,3.75182414671728
7,1.77916539787586,3.58466022299456
1581,1.80515908105134,3.55891212489496
313,1.85066713768672,3.51412999532066
280,1.76748753203757,3.59782911198136
936,1.82929373735787,3.53647885649655
1865,1.81300575355695,3.55293474177752
125,1.80630727285584,3.55975396666644
573,1.79553134956514,3.57064028247978
875,1.79452317884432,3.57178615713324
398,1.64061092083198,3.72805171737599
384,1.76327993257032,3.60545030031741
1246,1.74177576844874,3.62715354629439
1102,1.82056720108909,3.54951366445476
2094,1.8176957921237,3.55465190899378
109,1.6889153720988,3.68379759529534
1124,1.81774861331371,3.55550099304119
1955,1.70109611005717,3.67287212309553
1335,1.83004047837744,3.54454549038171
512,1.78474394204801,3.59073995360865
1333,1.72372806470479,3.65189875304786
145,1.68273131500533,3.69404960540919
1206,1.83585603888522,3.5433174160371
2151,1.73198513020294,3.64775699725588
466,1.72991527239574,3.6507111523649
1784,1.67877513170136,3.70259823186141
1251,1.76622059064564,3.61598652352537
1161,1.69839868819762,3.68410297402149
1225,1.76597782312128,3.61689307627657
1732,1.74337258262706,3.63953993894167
916,1.81235918237226,3.57115306702464
471,1.65921958257786,3.72485253088435
550,1.89229133610414,3.49264727736404
2195,1.82710722549463,3.55815632542585
1386,1.74032709104655,3.64499910304684
1153,1.7630908374051,3.62314986594401
1332,1.6797027345798,3.70660546101753
826,1.94159137205665,3.44600574218439
392,1.86811099063348,3.52026608617835
1799,1.6876714348093,3.70113539850564
1048,1.7347421381571,3.65434116668875
475,1.8076179583267,3.58214702961302
224,1.74511411354448,3.64504385940773
77,1.875105303306,3.5153738957693
443,1.81384525968841,3.57702459128244
1582,1.71949749335617,3.67423408792779
1926,1.71676251203626,3.67992192551142
967,1.70341609017732,3.69424509568019
786,1.81611022431863,3.58177442168583
1495,1.60165410652052,3.80101087560385
2146,1.89988628183362,3.50506702722409
419,1.67823799862831,3.72811079752339
1624,1.68561638342224,3.72233997500675
24,1.80518601925038,3.60462752592113
52,1.81549811871577,3.59451974878381
477,1.74086086106499,3.67139692416384
932,1.81960455533174,3.59287115835768
460,1.75465693336936,3.65885077082275
950,1.7241835123369,3.69002423739604
1042,1.85024557877756,3.56664965421902
1130,1.86678770296973,3.55027432010063
715,1.73751071206649,3.68132709021788
1347,1.87068240841562,3.54969040144249
722,1.84670347169394,3.57374396301704
1549,1.89368276587619,3.52681381573765
776,1.88736718332445,3.53505885540355
639,1.73144153421733,3.69111817602817
282,1.89023111880336,3.53237327191697
1839,1.88132167094688,3.54132182025865
577,1.76986380009129,3.65377531409136
209,1.81526042554483,3.60932890812614
1704,1.83297306539097,3.59380349648705
2176,1.71721224821086,3.71124397366563
668,1.85450294342292,3.57756843313518
960,1.68056932671801,3.75201782314554
1240,1.88912602962631,3.54360927594156
680,1.71722067289286,3.71681227176832
1469,1.75953835725101,3.67879450557985
1415,1.77959210351606,3.66172627981613
817,1.69399874716658,3.74786266239429
1004,1.84595189254998,3.59598998529564
1765,1.79981039019792,3.64435226480382
1220,1.80278248966046,3.64315104551034
15,1.86997374551264,3.57672244591391
1341,1.91165364746602,3.53534111812431
1536,1.70430853807679,3.74978942696765
491,1.81724485811409,3.63778647490986
1664,1.8795155170922,3.57644787917161
229,1.67832511001237,3.77830348342601
870,1.84220794981025,3.6149146044509
225,1.80953219911989,3.64790563305378
1871,1.81472033237601,3.64345981617798
1159,1.72422381873201,3.73531930308734
726,1.8014218284234,3.65853927836069
1389,1.73450815641246,3.72558397433567
452,1.70358069051539,3.75722943678694
1528,1.87872515702973,3.58583177116079
195,1.82269881418133,3.64440790090163
1365,1.8069461682595,3.660538558066
1818,1.72207270458557,3.74638828889509
275,1.83235992016104,3.63630245888418
1428,1.72769169703057,3.74160639762132
1614,1.74688175599177,3.72332389693894
1060,1.93336326859085,3.54091527618282
2034,1.78780810892499,3.68652364286591
708,1.89625987434028,3.58137452990549
689,1.73762183741247,3.74133967561342
85,1.75907740717127,3.71991510204275
404,1.93755613191682,3.54222669459263
1079,1.89277616231325,3.58708867934357
12,1.92309614166667,3.55718103575733
1207,1.7938288187595,3.68756236624313
745,1.84317104468487,3.63936702675392
1170,1.76991823223735,3.7129600936111
1584,1.87040032904058,3.61348931058475
1908,1.76941081158681,3.71805446891557
766,1.82819091571084,3.66051188978176
1083,1.9373255820218,3.55232594719063
981,1.86439547883871,3.62903967321285
1374,1.84027440691728,3.65397577431169
773,1.80584845611043,3.6896272551326
1898,1.7951225348525,3.70158639987501
1986,1.81454725729724,3.68278009064626
1935,1.84925448935015,3.64830637836245
551,1.83579838643011,3.66224677416233
1379,1.92694729271429,3.57159606983345
643,1.96966667400417,3.53046515948816
1439,1.79847506589332,3.70230849264267
467,1.83535063702033,3.66592421222568
810,1.96559844811385,3.53878612884306
2223,1.70308141653299,3.80288147010235
1605,1.76384018314311,3.74358031363211
1128,1.85503413855086,3.65276265851274
705,1.75576656520704,3.75231310341311
59,1.8113055486041,3.69744125271656
929,1.82772522860824,3.68457030007008
1046,1.76313944716042,3.75131027182552
1411,1.78928682641734,3.72719098709046
1372,1.7910904268457,3.72995432869068
1459,1.77315395969819,3.74832430679708
1931,1.82131885246871,3.7012979416586
867,1.85502383434716,3.66813748625546
106,1.8655306999912,3.65770122081894
1114,1.73986632848793,3.78389039628668
1719,1.84049437654732,3.68464096383748
1788,1.83457241010124,3.69133556963563
1527,1.83952615710498,3.68668776765025
1653,1.88255265499246,3.64437003810871
910,2.13585092709004,3.3930578082358
850,1.82811681598457,3.70274229038555
1391,1.78818731081045,3.74327646813181
31,1.85637828850157,3.67597152323658
1147,1.73451231331765,3.79790471673621
1104,1.82434668392735,3.70878207231342
479,1.80773015420176,3.72670954576074
234,1.82068961854083,3.71404105116121
778,1.80774835929305,3.72851250766149
2051,1.71200799902358,3.8243897455266
524,1.80209162800518,3.734708505652
1152,1.77822763194809,3.75859137737099
364,2.09742755595129,3.43964839839304
1401,1.85393336756875,3.68409900747279
1896,2.00904060664913,3.52992012577033
2186,1.87757518931684,3.66214295867357
13,1.96003074493689,3.58454107362422
1543,1.80749442499019,3.7380216059529
1209,1.93369684149089,3.61237346233405
1399,1.88483774064183,3.66240327979302
428,1.87126128729896,3.67754051391674
1641,1.80274524081198,3.74726341683245
851,1.9138630762158,3.64058664413771
176,1.82049598752199,3.73644168619598
1723,1.85223012558562,3.70495311634817
714,1.84941609244765,3.7085432885858
1685,2.00959835227786,3.54920995947837
1334,1.75105353666167,3.80935967564128
1558,1.83459565118782,3.72598866238477
141,1.70246064723141,3.85939263401821
1833,1.86180874452862,3.70209321919484
2117,1.9468371732989,3.61823078748948
1758,2.00259284412416,3.56297622464772
567,1.93975029099695,3.62739883244819
1300,1.83966158063068,3.72780200336055
1125,1.92168936597741,3.64602120568832
1024,1.77374530177335,3.79405935749422
1443,1.94107295332672,3.62788091786228
2025,1.80288205912014,3.76804360389544
37,1.85406768495281,3.71761930673824
1086,1.9709717078213,3.60199813341983
655,1.77367873129693,3.80005635489685
2106,1.9683168473609,3.60577859082854
1222,2.06498176696428,3.51182745911208
1500,1.90117440958404,3.67573060992757
405,1.8499773182019,3.72732214604398
1876,1.8659846764255,3.71214213843599
1099,1.93809147358531,3.64325647301668
968,1.76455495720681,3.8177856563968
292,1.95598790610265,3.62803945127205
1344,1.94026856587423,3.64381515362554
1096,1.83907372545188,3.74597541359271
1327,2.10811913430624,3.47732317396286
1448,1.80580000026986,3.78231625824583
70,1.83817546086767,3.75107262095712
658,1.98597582445593,3.60338823051152
2152,1.91524285413955,3.67490675036616
864,2.01656439881607,3.57384982568158
1600,1.84159407647115,3.75180659457611
891,1.93279229917455,3.66418034797489
734,1.97588277782189,3.62151885754135
1201,1.99156059343289,3.6068390326401
1134,1.86240346645739,3.73665130752565
1819,1.75441693845916,3.84513715042179
484,1.82311023033419,3.78326053055921
1910,1.67929294196093,3.92719215377304
2077,1.87766757952042,3.7291059309976
1100,1.90937045140929,3.69752777656403
1525,1.81034265390782,3.79956797687445
1260,1.77087109687537,3.83911156137319
732,1.89720828013967,3.71431721942315
1345,1.96396913780923,3.64892500875985
196,1.86055720769391,3.75304514162471
1187,1.79405152389961,3.82025182401696
2204,1.88741460997427,3.72693806020204
1358,1.86114847259365,3.75578460930121
1873,1.95272067568452,3.66478450256714
1463,1.72200335077165,3.89852257493103
925,1.89913349712682,3.72231048707529
51,1.8666694604771,3.75601227156866
1993,1.90319870373136,3.72027785422783
480,1.79419868382008,3.83131918311566
742,1.90848530524864,3.7175428498912
341,1.82415631440648,3.80194700534652
465,1.83025739811443,3.79593360786562
322,1.85149256814821,3.77559219006075
374,1.92645151015336,3.70078526466634
750,1.69664035673955,3.93204935003592
62,2.07879272420869,3.55032328721549
793,1.92009592191081,3.71079860657558
1522,1.96619273317539,3.66562979690363
2137,1.76964977963656,3.86238060746827
1452,1.72865266828064,3.9046122038165
137,1.90637079143717,3.72761665513611
2198,1.95799825911655,3.67843777029992
243,1.81758761865213,3.82044054523911
908,1.86346999675542,3.77788697004811
865,1.79353751514486,3.84875034984369
846,1.88395171062675,3.75992191543231
1204,1.91340564714623,3.73115224360222
1301,1.85561618503876,3.78961492081399
147,1.75798063852919,3.88793595421226
961,1.85936603599366,3.78723002694409
57,1.92954212054734,3.7178356619149
33,1.8574998806343,3.79178859071234
158,1.90034681240198,3.75217713431579
770,1.98154283376145,3.67206913680661
450,1.92124032685233,3.73384476786884
1171,1.89579760705061,3.7596529240093
2145,2.02509281432191,3.63111026584408
418,2.02353748419527,3.6336221017151
1257,1.82916003514906,3.83009552400132
157,1.83941097030147,3.82187959852475
1249,1.81639238333895,3.84492530688023
2153,1.91913981310723,3.74389005652746
1235,1.9924325686798,3.67208939502071
159,1.87658309823341,3.78831604875919
2023,1.91210820514434,3.75458590477625
2189,1.90408930598009,3.76325163086596
1516,1.87248180698831,3.79585732179191
1394,1.82821414623612,3.84110963566807
427,1.96996318054153,3.70207605549265
1080,1.91851802797752,3.75375111042039
505,1.92447431734623,3.75696808625464
1414,2.05695917264064,3.62557213819224
600,1.98386053376207,3.69873064062692
47,1.67651312395663,4.00662159445702
873,1.9162855546546,3.76779857471826
2012,1.8248645180191,3.85953993669436
1408,1.86129431705089,3.82369199437859
1645,2.07474940278917,3.61118889123741
1815,1.96736091003078,3.72073347531815
1053,1.88211049514272,3.80608123053992
843,1.86684172409191,3.82187803095158
74,1.86795263456216,3.82175653532933
80,2.04543058763731,3.64508345717115
35,2.00088442246378,3.69011936598241
1602,1.84720190778312,3.84756143475234
1988,1.94910823036887,3.74790211967321
1510,1.92205924531941,3.77641263252801
645,1.83671259646967,3.86353109149521
1820,1.84555708525508,3.85574386830701
1254,2.02898090153794,3.67350206642003
795,1.88649402612944,3.81711137667212
1026,1.97539223350929,3.72839093989821
878,1.78417305038967,3.92416385497037
1801,1.89590310585443,3.81294752171729
815,1.82822540659936,3.88067367294959
1948,1.78266976690796,3.92699801494933
469,1.90695013411096,3.80356397951539
725,1.97215955264273,3.74022472370679
1315,1.89880125117704,3.81615506855793
1508,2.09181277867143,3.62323739574807
2045,1.92540946793406,3.7903718485641
1572,1.87903823404356,3.83730062442189
1029,1.87250721160844,3.84416958359575
93,1.78650401462075,3.93264867148869
771,2.03192323682259,3.68794960616225
651,2.09008167187362,3.63283999072898
96,2.21333743446839,3.51066203055905
2013,2.03424979694215,3.69125620955544
707,1.93313074210379,3.79308727968236
90,2.03043164157765,3.69753818215211
863,2.03588613279774,3.69236759192563
1803,1.92014517370347,3.81318898442714
472,1.89456853552201,3.83959816666157
1176,1.91035269989823,3.82447301643338
1714,2.138807867114,3.59618968964573
2080,1.86027048862905,3.87800075707642
390,1.93964754036639,3.80104153309372
237,1.92126933853934,3.82117706421465
1062,1.90420516326982,3.84015929949459
534,1.90659447999826,3.83835167109548
772,1.95497502626143,3.79036793023422
281,1.83593787001476,3.91125798827438
1863,2.08566010329883,3.66243905530572
1290,2.01895262959215,3.72932044685591
2020,1.96567628717771,3.78568201878983
1404,1.92193613345562,3.83130073372283
594,1.832875241231,3.92266824997197
1890,1.84915212840089,3.9066221961909
1771,1.97395372448456,3.78871687073686
1030,2.01631111671365,3.74690705284923
1743,1.88159562009061,3.88177629806484
1400,2.01827813168372,3.74601567445153
29,1.85306000769446,3.91559091394159
2030,1.8710107456171,3.89852951446094
1867,1.97782352181027,3.79360654541139
1753,1.94007039239069,3.83253951783076
784,1.88653522414602,3.89355210094241
599,2.06603377056254,3.71453128693581
920,1.9612377938035,3.82737084780643
1681,1.87083907785712,3.92086140956828
2085,1.95456721946086,3.83885329317462
1595,1.88460507195026,3.9088903211829
1729,2.04531213593484,3.74887590679747
1845,1.89244465956448,3.90179753369152
1509,2.09536425127442,3.70023246708479
901,1.94142696591262,3.85532475700889
1383,1.94483893506771,3.85347872100927
738,1.92902004262777,3.86940877368583
640,2.09260471183117,3.70750336290735
662,2.01223512129391,3.79385535481726
499,1.99217662883825,3.81827745777354
1976,1.84770423484518,3.96395923220444
614,2.01388006458952,3.79916015901838
1175,1.75635239167138,4.05796355157232
613,1.94737686028951,3.86711618955433
194,2.10223282729881,3.71404153025389
796,1.88797104220466,3.92834791943985
291,1.9219793658886,3.89733740977771
2185,1.87392312402838,3.94977147961907
66,1.98485429773191,3.84068068836501
1739,2.03526407873426,3.79402730893117
1571,1.90016213760941,3.93264634924134
1092,1.94729058248717,3.8881668047003
820,1.95981205728689,3.87567780355317
1303,2.05358847977693,3.78231242741594
1458,2.13920963871859,3.69744207431123
1592,1.85230589751238,3.98759433578603
1526,1.80827833099137,4.0324439429493
1322,2.0405224583791,3.80198032268357
554,1.9389194541172,3.91076221427042
1721,2.07017163931317,3.78068864094143
1066,1.85167601143175,3.99941766634982
2074,1.85629202279969,3.99492479274879
1700,1.88893747277143,3.9654223017295
780,2.12757704719225,3.72924567175784
1306,2.05982866764125,3.79750584641431
1367,1.80951739830944,4.04856341245931
1951,1.85511166993516,4.0050504142711
1497,1.98838254337583,3.87392866588943
295,1.91918188499961,3.94353685806842
1751,2.01737085045135,3.84557971744576
1454,1.8791177355589,3.98476102201774
749,1.96686769005419,3.89890076420583
1127,1.9851215600192,3.88159329790054
1893,1.966959228362,3.90254074784941
642,1.98301801241972,3.890807537417
2048,1.87166934350851,4.00388871463583
354,2.01368803894078,3.86296562861491
1702,1.98942204665444,3.8872344892195
1777,1.92382690048849,3.95690729792743
1487,1.92361864688596,3.95781373301632
395,2.10855607456219,3.77496180664593
71,1.98696105409715,3.89665522768881
758,1.85953817834492,4.02638604770577
2037,1.99258140349787,3.89483239378915
1642,1.99491220484065,3.89387559516003
394,1.86491340503702,4.02812208940519
1186,2.09967621281745,3.79404727810663
763,1.82665743132607,4.0770989517793
1629,2.10787601002235,3.79990899500223
1932,2.00291033668522,3.9075959101636
1289,1.93397095425783,3.97729280952653
1756,2.06812976252809,3.84353488628267
1226,2.08624763506039,3.83076979641881
174,2.01922946333776,3.89781877050397
1772,1.98086507971649,3.9369881193888
546,1.96440438930102,3.9541571245158
543,2.0965027524485,3.82272078257838
1336,1.9086729534725,4.01238975583412
391,2.09636382995062,3.82928343573441
248,1.9976161366938,3.92844776876785
172,1.99353697377718,3.93525191942153
1043,1.97529568292954,3.95467281717424
1247,2.05033495757155,3.88253714931472
816,2.01009634087674,3.92600597708989
751,2.05176351078823,3.88469326272299
1741,2.10098877791714,3.83699470586045
1094,1.96288841401834,3.97535416787334
239,1.99760234400846,3.94294515621686
1996,1.97174667925566,3.97061749917874
1228,2.06125296608402,3.88121341498392
1909,2.05348503319903,3.88959482412953
2167,2.00954341611775,3.93389320886538
561,1.92293175009095,4.02126286725525
1117,2.12377503433858,3.82090391526381
858,1.97296665027124,3.97313033899589
563,1.92664838495109,4.01978738052958
363,1.86653274598661,4.08040213728975
2050,2.04357537343667,3.90453372374634
838,1.93984960780805,4.01665519157915
1807,2.0038404362229,3.95418865304128
1929,2.07994166405935,3.88013927281763
94,1.90265408251346,4.05842471813991
199,2.00451546192208,3.95674569005484
1253,2.00863158034684,3.96123530297364
32,2.03817827068346,3.93249948329276
2156,1.89012649764661,4.084657850386
432,2.00197052788808,3.97733554851315
403,2.1117593017085,3.87018376012198
1025,1.96910003500269,4.01296139401062
902,2.07075189529564,3.91131453871569
2177,2.05954600487858,3.92452018620604
1622,1.98732441479227,3.99817136086142
2134,1.9204056478524,4.06534973415238
1061,1.9480690076916,4.04033837917236
163,1.976212957787,4.01407964096527
593,2.09658201438779,3.89487067774945
1470,1.94791567088125,4.04697540902387
222,2.11247354506475,3.88536767750571
258,2.08510583499992,3.91366843580578
422,2.03542079466418,3.96469482904676
1651,2.03482611542656,3.96900019394303
1393,2.02225817854752,3.98168187925621
72,1.90438672420156,4.09999852880519
1216,2.15322269781208,3.85303631912436
2209,1.94934304991197,4.05720706775464
774,1.98000310510607,4.03240525599746
2029,2.08287850080844,3.93080548442416
717,1.90786339405291,4.10889348460884
187,2.1246767529323,3.89243341556463
1217,1.9930556975136,4.02455726794517
193,2.0312214361148,3.98705160506809
411,2.17907740884778,3.84213847878695
2001,2.00395561179101,4.01802473586131
1229,2.03671918074763,3.98807021680692
114,1.96374577009009,4.06520264300871
1272,2.01439296950884,4.01647889401555
198,2.03428518352527,3.99810478386249
1812,2.03460679392897,4.00182893692552
666,2.20464519804575,3.83457585096808
1822,2.00783096065438,4.03307144774054
1121,2.08712026220427,3.95686014101092
171,2.03108550661242,4.01835547037386
2179,2.10967838512933,3.94087602430466
500,1.95661690494214,4.09421043842005
204,2.01915450512957,4.03285269981353
223,2.07754632602899,3.97609406152832
703,2.06992828212838,3.98524284419135
2219,2.21315765150071,3.85431002656855
787,2.13876384971174,3.92881435255105
890,1.97383720849389,4.09735098996678
681,2.04608581599975,4.03011434422499
1725,2.05027008344274,4.0277030607324
1067,2.11773577868828,3.9617253035461
580,2.11176634765984,3.97342398706776
591,2.0454350943339,4.03984287512609
1706,2.04174577134963,4.04511947563692
1678,2.03673257373341,4.05017195510264
1921,2.09180106545233,3.99591811970128
809,2.16007644325263,3.92947840068157
1878,2.01258222159839,4.08023953134721
3,2.24560694379426,3.85559063531697
1547,2.06575323119313,4.0374654394828
790,2.11333291516415,3.99223165431127
617,2.12270245599356,3.98308431121516
1574,2.08795403655638,4.01882751457432
2221,2.2039558643985,3.9029043146617
231,1.97635977054426,4.13118239733744
1196,1.99770078890577,4.1110689733666
733,2.0045075409681,4.10637355078887
1405,2.04120308218003,4.07405509613525
1690,2.23015838468514,3.89182412468876
506,2.06823839869819,4.05443520418504
1518,2.1266959438443,3.99660267841312
330,2.05814890043513,4.06766282601957
1090,2.16797291577733,3.95801585631833
1689,2.02434940202497,4.10269409746315
113,1.9938645455779,4.13376549491649
1555,2.16082672249408,3.96999451346844
40,2.0252909726988,4.10626246627618
1790,2.05643926642267,4.07788981833921
1145,2.08009149207625,4.05627853440417
492,2.07083347428111,4.06625771231717
747,2.13780856347872,4.00094173732165
1288,1.98906398430359,4.15380862688561
1904,1.95655135110562,4.19227806212289
1821,2.08785914752187,4.06225627570777
523,2.05015433116215,4.10654470245049
2011,2.09823010430706,4.05886789593168
2191,2.11755174599501,4.0458666970647
1442,1.95405528949138,4.20958488638588
11,2.19553775484827,3.96890621807543
1846,2.05287139050161,4.12053010247518
1859,2.1181421676987,4.05737841031733
1919,2.13990144569634,4.04432326985975
1943,2.09013648357566,4.0957412904725
517,2.16813090251025,4.02388979357212
299,1.97674304247805,4.21626206019841
740,2.28208219064823,3.91106891355221
349,2.06113024232636,4.13250092439371
1245,2.00364255011423,4.19169996899884
797,2.35975378301292,3.84049300332431
315,2.1533918360708,4.04742697001261
76,2.04154895935628,4.15971337144585
439,2.10426495676123,4.09884893167713
1069,2.16554313570301,4.03814562642355
1823,2.06100970206148,4.14483173572539
1983,2.10482197953281,4.10468704947983
318,2.0853390167611,4.12585884117244
513,2.0935413845184,4.11797344560782
1680,2.20226637459655,4.01026480902081
1163,2.06265058300549,4.15168191514851
1266,2.06206575109426,4.15488318708271
1888,2.11270389933557,4.10886475569271
200,2.2332557542068,3.98899990205831
1957,2.14258587819135,4.08039455309522
2135,2.01668584991428,4.21035827097676
379,2.06126695330217,4.16636629534307
1384,1.95595052995046,4.2724155737441
754,1.99428351601188,4.23450227880091
1892,2.03918704895282,4.19339063064049
866,2.25177281082405,3.98338141860482
1072,2.20230106802745,4.03347700358549
1324,2.11909585499056,4.11805224482557
1304,2.07260826208648,4.16493357244082
1366,2.16396210880362,4.07543503735228
698,1.99214510688544,4.25168583347728
569,2.06183562710405,4.18217013425584
211,2.04596042210048,4.19817482894202
1475,2.11420565367252,4.1447478409508
1728,2.20193322522268,4.06285985326161
331,2.41337727809733,3.8523978830003
238,2.26089705868787,4.00849384543842
1155,2.20045610313958,4.0690853228952
88,2.26888106240843,4.00270968565572
2110,2.15452244835146,4.11896354952777
105,2.19467237765485,4.08026612374398
5,2.311541016273,3.96468118089153
268,2.00296594270342,4.27919928739041
98,2.19446965213242,4.08797258540463
1295,2.18931053289086,4.0945041135272
1646,2.14918467236762,4.13516919639811
1553,2.04427317097972,4.24455657971152
202,2.23265516703611,4.06116906981436
595,2.22615336820089,4.06807878262087
169,2.1308106528402,4.16446519499578
1684,2.02219046041473,4.27784761183917
852,2.1449420785485,4.15696504767534
1811,2.07349530218055,4.23171932012482
1277,2.12974381908908,4.18117555610142
166,2.03960012092221,4.27403311357775
2098,2.06832935222041,4.25298178367958
912,2.11535999664318,4.20751193931819
1970,2.18706480519016,4.14192560852326
1504,2.20366335507761,4.12857334323531
934,2.1029626732564,4.23404285874341
1205,2.16959541018541,4.16908879845916
1214,2.16816653491681,4.17602032612756
189,2.05618980761357,4.28955960386582
702,2.05642982844511,4.2930665546838
1998,2.22266816076151,4.13080950557456
509,2.16089533294122,4.19658789704376
848,2.17697690157354,4.18813435020538
2158,2.2282121814217,4.13913317799969
1314,2.34412978323667,4.02819354830834
791,2.14703701460285,4.22676470159849
2142,2.23540118411787,4.14001059337761
649,2.13530005660119,4.24702264632424
1792,2.17436582134764,4.21621118391288
2130,2.12368107714484,4.2767655339648
693,2.2580845750445,4.15089994053993
1453,2.12017928796991,4.29131052835563
986,2.21861532967647,4.19872735113302
938,2.31983715592092,4.10363448929911
1861,2.43028379848265,4.01477695206764
1623,2.23625865069267,4.21178890738002
1841,2.19325993983259,4.26466295733999
1297,2.30053242127965,4.15799033140772
837,2.15345889740714,4.31450024975609
267,2.33665320864322,4.13198239691779
190,2.19800025588212,4.27536759756426
859,2.38138314668522,4.0945145204204
1556,2.20906445519842,4.26888234060177
265,2.22893049976839,4.25455550205126
1884,2.20928839576951,4.27565649464348
449,2.31704092289988,4.16919029592555
1244,2.30959263797254,4.18216560039416
336,2.30617770035367,4.18814626373998
604,2.16646778570485,4.33154728825412
9,2.213364362858,4.28650554798964
1398,2.09767468821954,4.4167488963262
811,2.22741410233835,4.28776424614834
1227,2.1899045298067,4.33219780447516
1258,2.25514246995617,4.27364389191341
598,2.15160292903183,4.38532073858232
351,2.2964912191947,4.24274122275255
1116,2.07776663958027,4.46536414419739
650,2.109776726515,4.43617917952232
387,2.29163052085251,4.26485839545831
1783,2.46899229256441,4.09117084766353
1313,2.17223627624487,4.39314984011836
276,2.19279383549513,4.37262690115455
1041,2.23235862980093,4.33817872848289
521,2.22153881526863,4.363248472435
1293,2.24673820536549,4.34033176084
2015,2.16021810588681,4.43449608222982
311,2.33782738645413,4.25945663604521
537,2.36438971952017,4.23657905945058
2108,2.33898517140244,4.26199384447103
685,2.32951427516829,4.27471258365337
1660,2.33958232644095,4.27024643584153
1120,2.41617781395144,4.1962974587241
2100,2.30528140590919,4.30843538824261
1490,2.38252007769096,4.23173290725195
530,2.28437824540146,4.33296290577041
1430,2.30106131961619,4.31810669808357
718,2.28225118188796,4.34186772845227
1091,2.31773820451504,4.30783767511991
1466,2.30951971786201,4.31712225753035
1835,2.3300164982414,4.29689802179567
358,2.35592306388227,4.27253779576829
177,2.23779885141711,4.40121837060655
332,2.34149783057289,4.29805036045769
1968,2.38030357813714,4.26049382681465
933,2.13685325718609,4.51017602632317
1930,2.31138961828162,4.34119618160661
362,2.22477943443132,4.44073900859279
1917,2.16531186123951,4.50105888868657
1881,2.26855089100196,4.4025472977545
367,2.45717616204955,4.21727721945544
1609,2.30249993329578,4.3752242790172
1177,2.40093229421898,4.2772394755658
2104,2.39415427205349,4.29430350716033
1659,2.27483969035365,4.41517966953632
1717,2.49183769969506,4.20350893697216
1098,2.23118529240457,4.48456756822458
1872,2.22745383775555,4.49023350880254
247,2.23092467553368,4.4885591676705
2120,2.24663334747402,4.47475129573543
415,2.40195516009127,4.32866708717522
1011,2.35637508302368,4.37866376966616
898,2.36009841818399,4.38529577302738
2042,2.24524028979547,4.50457861503471
1677,2.38822916086689,4.36547955554395
1087,2.5034947572637,4.26790318515708
227,2.30634918796918,4.46699901061992
1231,2.23115068586296,4.54241857975363
1331,2.48544260907649,4.29002091570047
130,2.34711122075387,4.42874182817622
272,2.24941600260192,4.53051878548126
310,2.33371235368713,4.44874742110183
1793,2.27993560588316,4.50351218827334
459,2.26628687012114,4.53037266072053
271,2.42107168149588,4.38685139302053
2054,2.33523868921358,4.48103422891376
1157,2.43984987848189,4.38684185340539
1432,2.42530764910922,4.40740682804082
1568,2.40327833951,4.43864480831555
1182,2.46263620810912,4.38088853070379
1570,2.37101982023337,4.47527544320048
2124,2.367125874007,4.48639382598707
2215,2.35335541846652,4.50319720967558
115,2.22693261674256,4.63052269601497
879,2.33835971981892,4.52042435465007
1242,2.47533258140752,4.38406371415003
1654,2.52900360193497,4.37007107390642
757,2.60082241332468,4.30879213819672
442,2.37471786263051,4.53715676266411
1111,2.28716428329087,4.63846226084938
1974,2.35790400087423,4.57535681270912
1657,2.58599212527103,4.35529738646406
755,2.23767840966873,4.71036194381634
946,2.50778394356959,4.45055709772949
1467,2.40688563910833,4.55363993024731
1308,2.43920230942102,4.52403343634838
235,2.49316612693591,4.47021931524823
402,2.51633483597343,4.45627343388724
478,2.34071345698222,4.64596607749093
409,2.45110391102363,4.5384626021628
889,2.48216946432381,4.53845440464383
719,2.57400862991111,4.44914263817972
1882,2.4864605173047,4.546233398396
1972,2.50712475236429,4.53373871330043
1450,2.54197549542636,4.52699440992489
63,2.60538284587975,4.47430169272698
1239,2.50663813785334,4.59853929327288
1805,2.51600383083856,4.59643664250263
75,2.41578219587819,4.69710571646816
1478,2.47249804325977,4.64793180733541
1607,2.42631150758342,4.69646747727875
701,2.55368390755791,4.59013674334022
34,2.43235290715179,4.71178770042206
431,2.64211997134364,4.52218203584922
461,2.5253376144334,4.63911937115984
1730,2.70931231847137,4.49677943724262
273,2.74562406660285,4.46104527423345
905,2.42707541152895,4.81033041001237
1742,2.4607019557038,4.79041276109804
1014,2.58595030955203,4.66959974023807
1270,2.77230097321753,4.50372892585774
765,2.65463551179657,4.65718986129999
36,2.62174888840532,4.71364112685464
43,2.59017696257806,4.76224740722837
99,2.53238921195732,4.8478456427745
1089,2.50966438478515,4.88914815038379
584,2.61022595842195,4.82372182533816
1980,2.66186935274524,4.78029311867944
1184,2.6115185716323,4.85685472504377
1095,2.85325897108626,4.7070867067888
951,2.70811925998351,4.85271085162307
1786,2.76143670576268,4.81969686298574
1273,2.8339021962695,4.76385001868991
2150,2.8300430051712,4.88170909449329
1950,2.86864585541935,4.86444756764152
429,2.906067345748,4.85995171789373
1174,2.86616000434736,4.93935789634648
919,2.79017966522273,5.03297269519973
622,2.84427585367501,4.9797423582017
1770,2.70890259319122,5.15694746708187
1507,2.8691472571663,4.99710645707819
2224,2.90779632498884,5.01826354445442
966,2.97373754585512,5.30279840467649
1075,3.12421392436341,5.43785585593946
100,3.3227727607548,5.48092713764194
1250,3.30170224880758,5.5517892817526
634,3.32848403272533,5.59904353724518
